participation,alpha_1,alpha_2,selected_metric,compare_alphas_metric,correct,disparity,dataset,iteration,matches,end
63,0.0,0.9,BIN-DIV,BIN-DIV,1,0.24819999999999998,movies,0,True,LOW-HIGH
63,0.01,0.9,BIN-DIV,BIN-DIV,1,0.008999999999999994,movies,0,True,LOW-HIGH
63,0.0,0.01,BIN-DIV,BIN-DIV,0,0.241,movies,0,True,LOW
61,0.75,0.99,CF-ILD,CF-ILD,1,0.061300000000000035,movies,0,True,MIDDLE-HIGH
61,0.01,0.75,CF-ILD,CF-ILD,1,0.04240000000000002,movies,0,True,LOW-MIDDLE
61,0.01,0.99,CF-ILD,CF-ILD,1,0.03890000000000002,movies,0,True,LOW-HIGH
61,0.1,0.25,CF-ILD,CF-ILD,0,0.4948000000000001,movies,1,True,LOW-MIDDLE
61,0.1,0.5,CF-ILD,CF-ILD,0,0.4633000000000001,movies,1,True,LOW-MIDDLE
61,0.25,0.5,CF-ILD,CF-ILD,1,0.0333,movies,1,True,MIDDLE
63,0.25,0.5,BIN-DIV,BIN-DIV,1,0.044199999999999996,movies,1,True,MIDDLE
63,0.5,0.99,BIN-DIV,BIN-DIV,1,0.00010000000000000018,movies,1,True,MIDDLE-HIGH
63,0.25,0.99,BIN-DIV,BIN-DIV,1,0.04409999999999999,movies,1,True,MIDDLE-HIGH
62,0.0,0.5,BIN-DIV,BIN-DIV,0,1.105,movies,0,True,LOW-MIDDLE
62,0.25,0.5,BIN-DIV,BIN-DIV,0,0.265,movies,0,True,MIDDLE
62,0.0,0.25,BIN-DIV,BIN-DIV,0,0.965,movies,0,True,LOW-MIDDLE
62,0.9,1.0,BIN-DIV,BIN-DIV,1,0.16250000000000003,movies,1,True,HIGH
62,0.1,0.9,BIN-DIV,BIN-DIV,1,0.16250000000000003,movies,1,True,LOW-HIGH
62,0.1,1.0,BIN-DIV,BIN-DIV,1,0.0050000000000000044,movies,1,True,LOW-HIGH
64,0.75,0.9,CB-ILD,CB-ILD,1,0.049999999999999996,movies,0,True,MIDDLE-HIGH
64,0.75,0.99,CB-ILD,CB-ILD,0,0.8228,movies,0,True,MIDDLE-HIGH
64,0.9,0.99,CB-ILD,CB-ILD,0,0.776,movies,0,True,HIGH
64,0.01,0.25,CB-ILD,CB-ILD,1,0.8180000000000001,movies,1,True,LOW-MIDDLE
64,0.25,0.5,CB-ILD,CB-ILD,0,0.7324999999999999,movies,1,True,MIDDLE
64,0.01,0.5,CB-ILD,CB-ILD,0,0.45530000000000004,movies,1,True,LOW-MIDDLE
67,0.1,0.99,BIN-DIV,BIN-DIV,1,0.1693,movies,0,True,LOW-HIGH
67,0.1,0.5,BIN-DIV,BIN-DIV,1,0.20050000000000004,movies,0,True,LOW-MIDDLE
67,0.5,0.99,BIN-DIV,BIN-DIV,0,0.30500000000000005,movies,0,True,MIDDLE-HIGH
67,0.0,0.01,BIN-DIV,BIN-DIV,0,0.0041,movies,1,True,LOW
67,0.01,0.9,BIN-DIV,BIN-DIV,1,0.0017000000000000003,movies,1,True,LOW-HIGH
67,0.0,0.9,BIN-DIV,BIN-DIV,1,0.0026000000000000007,movies,1,True,LOW-HIGH
65,0.25,0.99,BIN-DIV,BIN-DIV,0,0.8026,movies,0,True,MIDDLE-HIGH
65,0.25,0.75,BIN-DIV,BIN-DIV,0,1.125,movies,0,True,MIDDLE
65,0.75,0.99,BIN-DIV,BIN-DIV,1,0.8026,movies,0,True,MIDDLE-HIGH
65,0.9,1.0,BIN-DIV,BIN-DIV,1,0.16010000000000002,movies,1,True,HIGH
65,0.5,1.0,BIN-DIV,BIN-DIV,1,0.2501,movies,1,True,MIDDLE-HIGH
65,0.5,0.9,BIN-DIV,BIN-DIV,1,0.41000000000000003,movies,1,True,MIDDLE-HIGH
66,0.5,1.0,CB-ILD,CB-ILD,0,1.1234,movies,0,True,MIDDLE-HIGH
66,0.5,0.75,CB-ILD,CB-ILD,0,0.27849999999999997,movies,0,True,MIDDLE
66,0.75,1.0,CB-ILD,CB-ILD,0,0.9601,movies,0,True,MIDDLE-HIGH
66,0.01,0.25,CB-ILD,CB-ILD,1,0.0932,movies,1,True,LOW-MIDDLE
66,0.1,0.25,CB-ILD,CB-ILD,0,0.7237000000000001,movies,1,True,LOW-MIDDLE
66,0.01,0.1,CB-ILD,CB-ILD,1,0.6817000000000001,movies,1,True,LOW
69,0.5,1.0,CB-ILD,CB-ILD,1,0.5309,movies,0,True,MIDDLE-HIGH
69,0.5,0.9,CB-ILD,CB-ILD,1,0.2516,movies,0,True,MIDDLE-HIGH
69,0.9,1.0,CB-ILD,CB-ILD,0,0.28250000000000003,movies,0,True,HIGH
69,0.1,0.75,CB-ILD,CB-ILD,0,0.7839999999999999,movies,1,True,LOW-MIDDLE
69,0.1,0.25,CB-ILD,CB-ILD,0,0.7379999999999999,movies,1,True,LOW-MIDDLE
69,0.25,0.75,CB-ILD,CB-ILD,1,0.11080000000000001,movies,1,True,MIDDLE
72,0.75,0.99,BIN-DIV,BIN-DIV,1,0.4915999999999999,movies,0,True,MIDDLE-HIGH
72,0.25,0.99,BIN-DIV,BIN-DIV,1,0.07450000000000001,movies,0,True,MIDDLE-HIGH
72,0.25,0.75,BIN-DIV,BIN-DIV,0,0.5629,movies,0,True,MIDDLE
72,0.0,0.1,BIN-DIV,BIN-DIV,1,0.7922,movies,1,True,LOW
72,0.0,0.01,BIN-DIV,BIN-DIV,1,0.30260000000000004,movies,1,True,LOW
72,0.01,0.1,BIN-DIV,BIN-DIV,1,1.0946,movies,1,True,LOW
73,0.0,0.1,CF-ILD,CF-ILD,1,0.6642000000000001,movies,0,True,LOW
73,0.0,0.9,CF-ILD,CF-ILD,1,0.2017,movies,0,True,LOW-HIGH
73,0.1,0.9,CF-ILD,CF-ILD,0,0.8497000000000001,movies,0,True,LOW-HIGH
71,0.25,0.5,CB-ILD,CB-ILD,0,0.26,movies,0,True,MIDDLE
71,0.5,1.0,CB-ILD,CB-ILD,1,0.7828999999999999,movies,0,True,MIDDLE-HIGH
71,0.25,1.0,CB-ILD,CB-ILD,1,0.5428999999999999,movies,0,True,MIDDLE-HIGH
73,0.75,0.99,CF-ILD,CF-ILD,1,0.04419999999999999,movies,1,True,MIDDLE-HIGH
73,0.25,0.75,CF-ILD,CF-ILD,1,0.06969999999999998,movies,1,True,MIDDLE
73,0.25,0.99,CF-ILD,CF-ILD,1,0.0257,movies,1,True,MIDDLE-HIGH
71,0.0,0.01,CB-ILD,CB-ILD,1,0.2581,movies,1,True,LOW
71,0.01,0.1,CB-ILD,CB-ILD,0,0.17449999999999996,movies,1,True,LOW
71,0.0,0.1,CB-ILD,CB-ILD,0,0.0964,movies,1,True,LOW
74,0.0,0.01,BIN-DIV,BIN-DIV,0,1.1713,movies,0,True,LOW
74,0.0,0.1,BIN-DIV,BIN-DIV,0,0.949,movies,0,True,LOW
74,0.01,0.1,BIN-DIV,BIN-DIV,0,0.2385,movies,0,True,LOW
74,0.25,0.75,BIN-DIV,BIN-DIV,1,0.10599999999999998,movies,1,True,MIDDLE
74,0.75,0.9,BIN-DIV,BIN-DIV,0,0.21650000000000003,movies,1,True,MIDDLE-HIGH
74,0.25,0.9,BIN-DIV,BIN-DIV,1,0.2257,movies,1,True,MIDDLE-HIGH
80,0.0,1.0,CF-ILD,CF-ILD,1,0.18100000000000002,movies,0,True,LOW-HIGH
80,0.5,1.0,CF-ILD,CF-ILD,1,0.25930000000000003,movies,0,True,MIDDLE-HIGH
80,0.0,0.5,CF-ILD,CF-ILD,0,0.3825,movies,0,True,LOW-MIDDLE
80,0.1,0.99,CF-ILD,CF-ILD,0,0.6201,movies,1,True,LOW-HIGH
80,0.1,0.25,CF-ILD,CF-ILD,0,0.313,movies,1,True,LOW-MIDDLE
80,0.25,0.99,CF-ILD,CF-ILD,1,0.4129,movies,1,True,MIDDLE-HIGH
79,0.75,1.0,BIN-DIV,BIN-DIV,0,0.769,movies,0,True,MIDDLE-HIGH
79,0.1,0.75,BIN-DIV,BIN-DIV,1,0.1642,movies,0,True,LOW-MIDDLE
79,0.1,1.0,BIN-DIV,BIN-DIV,0,0.909,movies,0,True,LOW-HIGH
79,0.01,0.99,BIN-DIV,BIN-DIV,0,0.937,movies,1,True,LOW-HIGH
79,0.01,0.5,BIN-DIV,BIN-DIV,1,0.1189,movies,1,True,LOW-MIDDLE
79,0.5,0.99,BIN-DIV,BIN-DIV,0,0.8381000000000001,movies,1,True,MIDDLE-HIGH
82,0.01,0.99,CB-ILD,CB-ILD,1,0.33490000000000003,movies,0,True,LOW-HIGH
82,0.9,0.99,CB-ILD,CB-ILD,0,0.36500000000000005,movies,0,True,HIGH
82,0.01,0.9,CB-ILD,CB-ILD,1,0.0949,movies,0,True,LOW-HIGH
82,0.1,0.75,CB-ILD,CB-ILD,0,0.2746,movies,1,True,LOW-MIDDLE
82,0.1,0.25,CB-ILD,CB-ILD,0,0.17460000000000003,movies,1,True,LOW-MIDDLE
82,0.25,0.75,CB-ILD,CB-ILD,0,0.145,movies,1,True,MIDDLE
81,0.1,0.75,BIN-DIV,BIN-DIV,1,0.048499999999999995,movies,0,True,LOW-MIDDLE
81,0.5,0.75,BIN-DIV,BIN-DIV,1,0.08839999999999998,movies,0,True,MIDDLE
81,0.1,0.5,BIN-DIV,BIN-DIV,1,0.04009999999999998,movies,0,True,LOW-MIDDLE
81,0.25,0.99,BIN-DIV,BIN-DIV,1,0.038799999999999994,movies,1,True,MIDDLE-HIGH
81,0.0,0.25,BIN-DIV,BIN-DIV,1,0.032799999999999996,movies,1,True,LOW-MIDDLE
81,0.0,0.99,BIN-DIV,BIN-DIV,1,0.0067999999999999935,movies,1,True,LOW-HIGH
85,0.25,0.99,CB-ILD,CB-ILD,0,1.4592999999999998,movies,0,True,MIDDLE-HIGH
85,0.99,1.0,CB-ILD,CB-ILD,1,1.0777999999999999,movies,0,True,HIGH
85,0.25,1.0,CB-ILD,CB-ILD,0,0.6553,movies,0,True,MIDDLE-HIGH
85,0.0,0.9,CB-ILD,CB-ILD,1,0.10930000000000005,movies,1,True,LOW-HIGH
85,0.01,0.9,CB-ILD,CB-ILD,1,0.10900000000000006,movies,1,True,LOW-HIGH
85,0.0,0.01,CB-ILD,CB-ILD,1,0.0005,movies,1,True,LOW
87,0.99,1.0,CB-ILD,CB-ILD,1,0.3536,movies,0,True,HIGH
87,0.0,1.0,CB-ILD,CB-ILD,1,0.05689999999999998,movies,0,True,LOW-HIGH
87,0.0,0.99,CB-ILD,CB-ILD,1,0.33050000000000007,movies,0,True,LOW-HIGH
87,0.25,0.9,CB-ILD,CB-ILD,0,0.8066,movies,1,True,MIDDLE-HIGH
87,0.25,0.5,CB-ILD,CB-ILD,0,0.30740000000000006,movies,1,True,MIDDLE
87,0.5,0.9,CB-ILD,CB-ILD,0,0.509,movies,1,True,MIDDLE-HIGH
88,0.75,1.0,CF-ILD,CF-ILD,1,0.5409999999999999,movies,0,True,MIDDLE-HIGH
88,0.1,1.0,CF-ILD,CF-ILD,1,0.16810000000000003,movies,0,True,LOW-HIGH
88,0.1,0.75,CF-ILD,CF-ILD,0,0.6929,movies,0,True,LOW-MIDDLE
88,0.5,0.99,CF-ILD,CF-ILD,1,0.011299999999999994,movies,1,True,MIDDLE-HIGH
88,0.25,0.5,CF-ILD,CF-ILD,1,0.057800000000000004,movies,1,True,MIDDLE
88,0.25,0.99,CF-ILD,CF-ILD,1,0.0593,movies,1,True,MIDDLE-HIGH
89,0.5,1.0,BIN-DIV,BIN-DIV,1,0.030500000000000006,movies,0,True,MIDDLE-HIGH
89,0.25,0.5,BIN-DIV,BIN-DIV,1,0.005799999999999993,movies,0,True,MIDDLE
89,0.25,1.0,BIN-DIV,BIN-DIV,1,0.026500000000000013,movies,0,True,MIDDLE-HIGH
89,0.01,0.9,BIN-DIV,BIN-DIV,1,0.18,movies,1,True,LOW-HIGH
89,0.0,0.01,BIN-DIV,BIN-DIV,1,0.17679999999999998,movies,1,True,LOW
89,0.0,0.9,BIN-DIV,BIN-DIV,1,0.004000000000000006,movies,1,True,LOW-HIGH
90,0.5,0.9,CB-ILD,CB-ILD,1,0.2197,movies,0,True,MIDDLE-HIGH
90,0.5,0.99,CB-ILD,CB-ILD,1,0.15460000000000002,movies,0,True,MIDDLE-HIGH
90,0.9,0.99,CB-ILD,CB-ILD,1,0.07010000000000001,movies,0,True,HIGH
90,0.25,0.75,CB-ILD,CB-ILD,1,0.009700000000000007,movies,1,True,MIDDLE
90,0.0,0.75,CB-ILD,CB-ILD,1,0.003200000000000003,movies,1,True,LOW-MIDDLE
90,0.0,0.25,CB-ILD,CB-ILD,1,0.009700000000000005,movies,1,True,LOW-MIDDLE
91,0.5,0.99,BIN-DIV,BIN-DIV,1,0.0025000000000000044,movies,0,True,MIDDLE-HIGH
91,0.01,0.99,BIN-DIV,BIN-DIV,1,0.05,movies,0,True,LOW-HIGH
91,0.01,0.5,BIN-DIV,BIN-DIV,1,0.049300000000000004,movies,0,True,LOW-MIDDLE
91,0.25,0.75,BIN-DIV,BIN-DIV,1,0.10090000000000002,movies,1,True,MIDDLE
91,0.1,0.25,BIN-DIV,BIN-DIV,1,0.12680000000000002,movies,1,True,LOW-MIDDLE
91,0.1,0.75,BIN-DIV,BIN-DIV,1,0.0709,movies,1,True,LOW-MIDDLE
93,0.5,1.0,CB-ILD,CB-ILD,0,0.42250000000000004,movies,0,True,MIDDLE-HIGH
93,0.5,0.75,CB-ILD,CB-ILD,0,0.373,movies,0,True,MIDDLE
93,0.75,1.0,CB-ILD,CB-ILD,1,0.4913,movies,0,True,MIDDLE-HIGH
93,0.01,0.25,CB-ILD,CB-ILD,1,0.15760000000000002,movies,1,True,LOW-MIDDLE
93,0.0,0.25,CB-ILD,CB-ILD,0,0.7565,movies,1,True,LOW-MIDDLE
93,0.0,0.01,CB-ILD,CB-ILD,0,0.7788999999999999,movies,1,True,LOW
94,0.5,0.99,CB-ILD,CB-ILD,0,0.45169999999999993,movies,0,True,MIDDLE-HIGH
94,0.01,0.5,CB-ILD,CB-ILD,1,0.2405,movies,0,True,LOW-MIDDLE
94,0.01,0.99,CB-ILD,CB-ILD,1,0.21199999999999997,movies,0,True,LOW-HIGH
95,0.1,0.5,CB-ILD,CB-ILD,1,0.2501,movies,0,True,LOW-MIDDLE
95,0.1,0.25,CB-ILD,CB-ILD,1,0.07250000000000001,movies,0,True,LOW-MIDDLE
95,0.25,0.5,CB-ILD,CB-ILD,1,0.3026,movies,0,True,MIDDLE
95,0.0,0.99,CB-ILD,CB-ILD,1,0.20179999999999995,movies,1,True,LOW-HIGH
95,0.0,0.9,CB-ILD,CB-ILD,1,0.024999999999999994,movies,1,True,LOW-HIGH
95,0.9,0.99,CB-ILD,CB-ILD,0,0.19299999999999995,movies,1,True,HIGH
94,0.1,0.75,CB-ILD,CB-ILD,0,0.7922,movies,1,True,LOW-MIDDLE
94,0.1,0.25,CB-ILD,CB-ILD,0,0.7957000000000001,movies,1,True,LOW-MIDDLE
94,0.25,0.75,CB-ILD,CB-ILD,1,0.0037,movies,1,True,MIDDLE
96,0.0,0.5,CB-ILD,CB-ILD,1,0.17620000000000002,movies,0,True,LOW-MIDDLE
96,0.5,0.75,CB-ILD,CB-ILD,0,0.20050000000000004,movies,0,True,MIDDLE
96,0.0,0.75,CB-ILD,CB-ILD,1,0.04050000000000002,movies,0,True,LOW-MIDDLE
96,0.25,0.9,CB-ILD,CB-ILD,1,0.0578,movies,1,True,MIDDLE-HIGH
96,0.9,0.99,CB-ILD,CB-ILD,0,0.24499999999999997,movies,1,True,HIGH
96,0.25,0.99,CB-ILD,CB-ILD,1,0.293,movies,1,True,MIDDLE-HIGH
98,0.25,0.9,BIN-DIV,BIN-DIV,0,0.3026,movies,0,True,MIDDLE-HIGH
98,0.0,0.25,BIN-DIV,BIN-DIV,1,0.34249999999999997,movies,0,True,LOW-MIDDLE
98,0.0,0.9,BIN-DIV,BIN-DIV,1,0.1649,movies,0,True,LOW-HIGH
98,0.01,0.99,BIN-DIV,BIN-DIV,1,0.15860000000000002,movies,1,True,LOW-HIGH
98,0.01,1.0,BIN-DIV,BIN-DIV,1,0.1061,movies,1,True,LOW-HIGH
98,0.99,1.0,BIN-DIV,BIN-DIV,1,0.0725,movies,1,True,HIGH
99,0.0,0.25,BIN-DIV,BIN-DIV,0,0.2628,movies,0,True,LOW-MIDDLE
99,0.25,0.75,BIN-DIV,BIN-DIV,1,0.0445,movies,0,True,MIDDLE
99,0.0,0.75,BIN-DIV,BIN-DIV,1,0.2425,movies,0,True,LOW-MIDDLE
102,0.1,1.0,BIN-DIV,BIN-DIV,1,0.3258000000000001,movies,0,True,LOW-HIGH
102,0.9,1.0,BIN-DIV,BIN-DIV,0,0.3370000000000001,movies,0,True,HIGH
102,0.1,0.9,BIN-DIV,BIN-DIV,1,0.012999999999999998,movies,0,True,LOW-HIGH
99,0.99,1.0,BIN-DIV,BIN-DIV,0,1.2205,movies,1,True,HIGH
99,0.5,1.0,BIN-DIV,BIN-DIV,0,1.1204,movies,1,True,MIDDLE-HIGH
99,0.5,0.99,BIN-DIV,BIN-DIV,0,0.42010000000000003,movies,1,True,MIDDLE-HIGH
102,0.01,0.25,BIN-DIV,BIN-DIV,0,0.7548999999999999,movies,1,True,LOW-MIDDLE
102,0.25,0.99,BIN-DIV,BIN-DIV,0,0.8787999999999998,movies,1,True,MIDDLE-HIGH
102,0.01,0.99,BIN-DIV,BIN-DIV,0,1.5688999999999997,movies,1,True,LOW-HIGH
100,0.5,0.9,CB-ILD,CB-ILD,0,0.3205,movies,0,True,MIDDLE-HIGH
100,0.0,0.9,CB-ILD,CB-ILD,1,0.12580000000000005,movies,0,True,LOW-HIGH
100,0.0,0.5,CB-ILD,CB-ILD,1,0.22849999999999995,movies,0,True,LOW-MIDDLE
100,0.75,0.99,CB-ILD,CB-ILD,0,0.32650000000000007,movies,1,True,MIDDLE-HIGH
100,0.1,0.99,CB-ILD,CB-ILD,1,0.3258000000000001,movies,1,True,LOW-HIGH
100,0.1,0.75,CB-ILD,CB-ILD,1,0.002500000000000003,movies,1,True,LOW-MIDDLE
103,0.1,0.25,BIN-DIV,BIN-DIV,1,0.04250000000000001,movies,0,True,LOW-MIDDLE
103,0.0,0.1,BIN-DIV,BIN-DIV,0,0.0509,movies,0,True,LOW
103,0.0,0.25,BIN-DIV,BIN-DIV,1,0.0884,movies,0,True,LOW-MIDDLE
103,0.5,0.75,BIN-DIV,BIN-DIV,0,0.21250000000000002,movies,1,True,MIDDLE
103,0.75,0.99,BIN-DIV,BIN-DIV,0,1.1026,movies,1,True,MIDDLE-HIGH
103,0.5,0.99,BIN-DIV,BIN-DIV,0,1.0701,movies,1,True,MIDDLE-HIGH
104,0.75,1.0,CF-ILD,CF-ILD,0,0.04249999999999998,movies,0,True,MIDDLE-HIGH
104,0.0,1.0,CF-ILD,CF-ILD,1,0.0026000000000000042,movies,0,True,LOW-HIGH
104,0.0,0.75,CF-ILD,CF-ILD,1,0.04009999999999998,movies,0,True,LOW-MIDDLE
105,0.01,0.99,CB-ILD,CB-ILD,0,1.1336,movies,0,True,LOW-HIGH
105,0.01,0.25,CB-ILD,CB-ILD,0,0.2509,movies,0,True,LOW-MIDDLE
105,0.25,0.99,CB-ILD,CB-ILD,0,0.8845,movies,0,True,MIDDLE-HIGH
104,0.01,0.9,CF-ILD,CF-ILD,1,0.0024999999999999935,movies,1,True,LOW-HIGH
104,0.1,0.9,CF-ILD,CF-ILD,0,0.7249999999999999,movies,1,True,LOW-HIGH
104,0.01,0.1,CF-ILD,CF-ILD,1,0.7224999999999999,movies,1,True,LOW
105,0.0,0.75,CB-ILD,CB-ILD,1,0.12499999999999999,movies,1,True,LOW-MIDDLE
105,0.0,1.0,CB-ILD,CB-ILD,1,0.10489999999999997,movies,1,True,LOW-HIGH
105,0.75,1.0,CB-ILD,CB-ILD,1,0.22489999999999993,movies,1,True,MIDDLE-HIGH
108,0.5,0.75,BIN-DIV,BIN-DIV,1,0.10250000000000001,movies,0,True,MIDDLE
108,0.01,0.75,BIN-DIV,BIN-DIV,0,0.6101,movies,0,True,LOW-MIDDLE
108,0.01,0.5,BIN-DIV,BIN-DIV,0,0.5876,movies,0,True,LOW-MIDDLE
108,0.9,0.99,BIN-DIV,BIN-DIV,1,0.4181,movies,1,True,HIGH
108,0.25,0.99,BIN-DIV,BIN-DIV,0,0.5381,movies,1,True,MIDDLE-HIGH
108,0.25,0.9,BIN-DIV,BIN-DIV,0,0.7250000000000001,movies,1,True,MIDDLE-HIGH
106,0.1,0.99,BIN-DIV,BIN-DIV,0,0.4181,movies,0,True,LOW-HIGH
106,0.99,1.0,BIN-DIV,BIN-DIV,1,0.6161000000000001,movies,0,True,HIGH
106,0.1,1.0,BIN-DIV,BIN-DIV,1,0.4292,movies,0,True,LOW-HIGH
106,0.01,0.5,BIN-DIV,BIN-DIV,0,0.16210000000000002,movies,1,True,LOW-MIDDLE
106,0.25,0.5,BIN-DIV,BIN-DIV,0,0.0325,movies,1,True,MIDDLE
106,0.01,0.25,BIN-DIV,BIN-DIV,1,0.17460000000000003,movies,1,True,LOW-MIDDLE
109,0.1,0.99,BIN-DIV,BIN-DIV,0,1.6165,movies,0,True,LOW-HIGH
109,0.5,0.99,BIN-DIV,BIN-DIV,0,0.9607999999999999,movies,0,True,MIDDLE-HIGH
109,0.1,0.5,BIN-DIV,BIN-DIV,0,0.6565000000000001,movies,0,True,LOW-MIDDLE
109,0.75,0.9,BIN-DIV,BIN-DIV,1,0.8452000000000001,movies,1,True,MIDDLE-HIGH
109,0.75,1.0,BIN-DIV,BIN-DIV,1,0.45250000000000007,movies,1,True,MIDDLE-HIGH
109,0.9,1.0,BIN-DIV,BIN-DIV,1,0.42650000000000005,movies,1,True,HIGH
111,0.0,0.99,BIN-DIV,BIN-DIV,1,0.1853,movies,0,True,LOW-HIGH
111,0.25,0.99,BIN-DIV,BIN-DIV,1,0.15079999999999996,movies,0,True,MIDDLE-HIGH
111,0.0,0.25,BIN-DIV,BIN-DIV,1,0.23929999999999996,movies,0,True,LOW-MIDDLE
111,0.01,1.0,BIN-DIV,BIN-DIV,1,0.33380000000000004,movies,1,True,LOW-HIGH
111,0.75,1.0,BIN-DIV,BIN-DIV,1,0.22099999999999997,movies,1,True,MIDDLE-HIGH
111,0.01,0.75,BIN-DIV,BIN-DIV,0,0.449,movies,1,True,LOW-MIDDLE
113,0.1,1.0,BIN-DIV,BIN-DIV,1,0.81,movies,0,True,LOW-HIGH
113,0.9,1.0,BIN-DIV,BIN-DIV,0,0.009999999999999995,movies,0,True,HIGH
113,0.1,0.9,BIN-DIV,BIN-DIV,1,0.8200000000000001,movies,0,True,LOW-HIGH
113,0.01,0.25,BIN-DIV,BIN-DIV,0,0.25329999999999997,movies,1,True,LOW-MIDDLE
113,0.01,0.5,BIN-DIV,BIN-DIV,1,0.3505,movies,1,True,LOW-MIDDLE
113,0.25,0.5,BIN-DIV,BIN-DIV,1,0.16199999999999998,movies,1,True,MIDDLE
114,0.9,0.99,BIN-DIV,BIN-DIV,1,0.2089,movies,0,True,HIGH
114,0.5,0.99,BIN-DIV,BIN-DIV,1,0.2089,movies,0,True,MIDDLE-HIGH
114,0.5,0.9,BIN-DIV,BIN-DIV,1,0.405,movies,0,True,MIDDLE-HIGH
115,0.1,0.9,BIN-DIV,BIN-DIV,0,1.5312999999999999,movies,0,True,LOW-HIGH
115,0.75,0.9,BIN-DIV,BIN-DIV,0,0.8768,movies,0,True,MIDDLE-HIGH
115,0.1,0.75,BIN-DIV,BIN-DIV,0,0.8593000000000001,movies,0,True,LOW-MIDDLE
115,0.99,1.0,BIN-DIV,BIN-DIV,0,0.14329999999999998,movies,1,True,HIGH
115,0.25,0.99,BIN-DIV,BIN-DIV,1,0.018499999999999992,movies,1,True,MIDDLE-HIGH
115,0.25,1.0,BIN-DIV,BIN-DIV,1,0.149,movies,1,True,MIDDLE-HIGH
114,0.1,1.0,BIN-DIV,BIN-DIV,1,0.24499999999999997,movies,1,True,LOW-HIGH
114,0.1,0.75,BIN-DIV,BIN-DIV,1,0.014899999999999997,movies,1,True,LOW-MIDDLE
114,0.75,1.0,BIN-DIV,BIN-DIV,0,0.2501,movies,1,True,MIDDLE-HIGH
116,0.0,0.99,BIN-DIV,BIN-DIV,1,0.003400000000000002,movies,0,True,LOW-HIGH
116,0.0,1.0,BIN-DIV,BIN-DIV,1,0.2626,movies,0,True,LOW-HIGH
116,0.99,1.0,BIN-DIV,BIN-DIV,0,0.261,movies,0,True,HIGH
116,0.5,0.75,BIN-DIV,BIN-DIV,1,0.1322,movies,1,True,MIDDLE
116,0.75,0.9,BIN-DIV,BIN-DIV,1,0.101,movies,1,True,MIDDLE-HIGH
116,0.5,0.9,BIN-DIV,BIN-DIV,1,0.04100000000000001,movies,1,True,MIDDLE-HIGH
118,0.1,0.25,CB-ILD,CB-ILD,0,0.15300000000000002,movies,0,True,LOW-MIDDLE
118,0.01,0.1,CB-ILD,CB-ILD,1,0.15250000000000002,movies,0,True,LOW
118,0.01,0.25,CB-ILD,CB-ILD,1,0.0013000000000000015,movies,0,True,LOW-MIDDLE
118,0.0,0.75,CB-ILD,CB-ILD,0,0.4658,movies,1,True,LOW-MIDDLE
118,0.75,0.9,CB-ILD,CB-ILD,0,0.8738,movies,1,True,MIDDLE-HIGH
118,0.0,0.9,CB-ILD,CB-ILD,0,0.9698000000000001,movies,1,True,LOW-HIGH
117,0.1,0.25,BIN-DIV,BIN-DIV,0,0.8272999999999999,movies,0,True,LOW-MIDDLE
117,0.01,0.1,BIN-DIV,BIN-DIV,1,1.1343999999999999,movies,0,True,LOW
117,0.01,0.25,BIN-DIV,BIN-DIV,0,0.4129,movies,0,True,LOW-MIDDLE
117,0.9,0.99,BIN-DIV,BIN-DIV,1,0.12969999999999998,movies,1,True,HIGH
117,0.75,0.9,BIN-DIV,BIN-DIV,1,0.6624999999999999,movies,1,True,MIDDLE-HIGH
117,0.75,0.99,BIN-DIV,BIN-DIV,1,0.5329999999999999,movies,1,True,MIDDLE-HIGH
120,0.75,1.0,CF-ILD,CF-ILD,0,0.9808999999999999,movies,0,True,MIDDLE-HIGH
120,0.9,1.0,CF-ILD,CF-ILD,0,1.109,movies,0,True,HIGH
120,0.75,0.9,CF-ILD,CF-ILD,0,0.2081,movies,0,True,MIDDLE-HIGH
120,0.0,0.1,CF-ILD,CF-ILD,0,1.0546,movies,1,True,LOW
120,0.1,0.5,CF-ILD,CF-ILD,0,0.373,movies,1,True,LOW-MIDDLE
120,0.0,0.5,CF-ILD,CF-ILD,0,1.1234,movies,1,True,LOW-MIDDLE
121,0.75,0.99,BIN-DIV,BIN-DIV,1,0.185,movies,0,True,MIDDLE-HIGH
121,0.0,0.99,BIN-DIV,BIN-DIV,1,0.09140000000000001,movies,0,True,LOW-HIGH
121,0.0,0.75,BIN-DIV,BIN-DIV,1,0.15139999999999998,movies,0,True,LOW-MIDDLE
121,0.25,0.9,BIN-DIV,BIN-DIV,1,0.02210000000000001,movies,1,True,MIDDLE-HIGH
121,0.25,1.0,BIN-DIV,BIN-DIV,1,0.32210000000000005,movies,1,True,MIDDLE-HIGH
121,0.9,1.0,BIN-DIV,BIN-DIV,0,0.30500000000000005,movies,1,True,HIGH
122,0.1,0.5,CB-ILD,CB-ILD,0,0.9433999999999999,movies,0,True,LOW-MIDDLE
122,0.5,1.0,CB-ILD,CB-ILD,1,0.481,movies,0,True,MIDDLE-HIGH
122,0.1,1.0,CB-ILD,CB-ILD,0,0.9825999999999999,movies,0,True,LOW-HIGH
122,0.9,0.99,CB-ILD,CB-ILD,1,0.8653000000000001,movies,1,True,HIGH
122,0.75,0.99,CB-ILD,CB-ILD,0,0.23400000000000004,movies,1,True,MIDDLE-HIGH
122,0.75,0.9,CB-ILD,CB-ILD,0,0.7465,movies,1,True,MIDDLE-HIGH
127,0.75,0.99,CF-ILD,CF-ILD,0,0.5617,movies,0,True,MIDDLE-HIGH
127,0.1,0.75,CF-ILD,CF-ILD,1,0.0601,movies,0,True,LOW-MIDDLE
127,0.1,0.99,CF-ILD,CF-ILD,1,0.5065999999999999,movies,0,True,LOW-HIGH
127,0.0,1.0,CF-ILD,CF-ILD,0,1.0433,movies,1,True,LOW-HIGH
127,0.5,1.0,CF-ILD,CF-ILD,1,0.30489999999999995,movies,1,True,MIDDLE-HIGH
127,0.0,0.5,CF-ILD,CF-ILD,0,1.1434,movies,1,True,LOW-MIDDLE
126,0.5,0.9,CF-ILD,CF-ILD,1,0.17889999999999998,movies,0,True,MIDDLE-HIGH
126,0.9,1.0,CF-ILD,CF-ILD,0,0.20499999999999996,movies,0,True,HIGH
126,0.5,1.0,CF-ILD,CF-ILD,1,0.3788999999999999,movies,0,True,MIDDLE-HIGH
126,0.75,0.99,CF-ILD,CF-ILD,1,0.8585,movies,1,True,MIDDLE-HIGH
126,0.25,0.99,CF-ILD,CF-ILD,0,0.5465,movies,1,True,MIDDLE-HIGH
126,0.25,0.75,CF-ILD,CF-ILD,0,0.5858000000000001,movies,1,True,MIDDLE
123,0.5,0.99,BIN-DIV,BIN-DIV,1,0.16659999999999997,movies,0,True,MIDDLE-HIGH
123,0.0,0.5,BIN-DIV,BIN-DIV,0,0.28250000000000003,movies,0,True,LOW-MIDDLE
123,0.0,0.99,BIN-DIV,BIN-DIV,1,0.2041,movies,0,True,LOW-HIGH
123,0.01,0.9,BIN-DIV,BIN-DIV,1,0.011600000000000004,movies,1,True,LOW-HIGH
123,0.01,0.1,BIN-DIV,BIN-DIV,1,0.1256,movies,1,True,LOW
123,0.1,0.9,BIN-DIV,BIN-DIV,1,0.11719999999999998,movies,1,True,LOW-HIGH
125,0.0,1.0,BIN-DIV,BIN-DIV,0,1.0309,movies,0,True,LOW-HIGH
125,0.0,0.75,BIN-DIV,BIN-DIV,1,0.2465,movies,0,True,LOW-MIDDLE
125,0.75,1.0,BIN-DIV,BIN-DIV,0,0.8356000000000001,movies,0,True,MIDDLE-HIGH
129,0.0,0.25,CF-ILD,CF-ILD,0,0.5671999999999999,movies,0,True,LOW-MIDDLE
129,0.0,1.0,CF-ILD,CF-ILD,0,0.7685,movies,0,True,LOW-HIGH
129,0.25,1.0,CF-ILD,CF-ILD,1,0.2405,movies,0,True,MIDDLE-HIGH
125,0.1,0.99,BIN-DIV,BIN-DIV,0,0.7969999999999999,movies,1,True,LOW-HIGH
125,0.25,0.99,BIN-DIV,BIN-DIV,0,0.9964999999999999,movies,1,True,MIDDLE-HIGH
125,0.1,0.25,BIN-DIV,BIN-DIV,1,0.8956999999999999,movies,1,True,LOW-MIDDLE
129,0.75,0.99,CF-ILD,CF-ILD,1,0.5524,movies,1,True,MIDDLE-HIGH
129,0.01,0.75,CF-ILD,CF-ILD,0,0.7327999999999999,movies,1,True,LOW-MIDDLE
129,0.01,0.99,CF-ILD,CF-ILD,1,0.36040000000000005,movies,1,True,LOW-HIGH
133,0.0,0.99,BIN-DIV,BIN-DIV,1,0.1565,movies,0,True,LOW-HIGH
133,0.9,0.99,BIN-DIV,BIN-DIV,0,0.1444,movies,0,True,HIGH
133,0.0,0.9,BIN-DIV,BIN-DIV,1,0.0121,movies,0,True,LOW-HIGH
133,0.1,0.5,BIN-DIV,BIN-DIV,1,0.11080000000000001,movies,1,True,LOW-MIDDLE
133,0.1,0.75,BIN-DIV,BIN-DIV,1,0.0808,movies,1,True,LOW-MIDDLE
133,0.5,0.75,BIN-DIV,BIN-DIV,0,0.1268,movies,1,True,MIDDLE
131,0.5,0.99,CB-ILD,CB-ILD,0,0.7024999999999999,movies,0,True,MIDDLE-HIGH
131,0.01,0.5,CB-ILD,CB-ILD,1,0.46099999999999997,movies,0,True,LOW-MIDDLE
131,0.01,0.99,CB-ILD,CB-ILD,0,0.6832999999999999,movies,0,True,LOW-HIGH
131,0.1,0.25,CB-ILD,CB-ILD,0,0.9521000000000001,movies,1,True,LOW-MIDDLE
131,0.1,0.9,CB-ILD,CB-ILD,0,0.7985,movies,1,True,LOW-HIGH
131,0.25,0.9,CB-ILD,CB-ILD,1,0.16640000000000005,movies,1,True,MIDDLE-HIGH
134,0.25,0.99,BIN-DIV,BIN-DIV,0,0.5581,movies,0,True,MIDDLE-HIGH
134,0.0,0.99,BIN-DIV,BIN-DIV,1,0.12499999999999999,movies,0,True,LOW-HIGH
134,0.0,0.25,BIN-DIV,BIN-DIV,1,0.43810000000000004,movies,0,True,LOW-MIDDLE
134,0.01,1.0,BIN-DIV,BIN-DIV,1,0.002500000000000002,movies,1,True,LOW-HIGH
134,0.75,1.0,BIN-DIV,BIN-DIV,1,0.0025000000000000044,movies,1,True,MIDDLE-HIGH
134,0.01,0.75,BIN-DIV,BIN-DIV,1,0.003200000000000003,movies,1,True,LOW-MIDDLE
135,0.5,0.9,CB-ILD,CB-ILD,1,0.005300000000000002,movies,0,True,MIDDLE-HIGH
135,0.5,0.75,CB-ILD,CB-ILD,0,0.5674,movies,0,True,MIDDLE
135,0.75,0.9,CB-ILD,CB-ILD,1,0.5629,movies,0,True,MIDDLE-HIGH
135,0.01,0.99,CB-ILD,CB-ILD,0,1.2352,movies,1,True,LOW-HIGH
135,0.25,0.99,CB-ILD,CB-ILD,1,0.37610000000000005,movies,1,True,MIDDLE-HIGH
135,0.01,0.25,CB-ILD,CB-ILD,0,0.9841,movies,1,True,LOW-MIDDLE
137,0.5,1.0,BIN-DIV,BIN-DIV,0,0.9927999999999999,movies,0,True,MIDDLE-HIGH
137,0.99,1.0,BIN-DIV,BIN-DIV,0,1.3203999999999998,movies,0,True,HIGH
137,0.5,0.99,BIN-DIV,BIN-DIV,0,0.3924,movies,0,True,MIDDLE-HIGH
138,0.75,1.0,CB-ILD,CB-ILD,1,0.21799999999999997,movies,0,True,MIDDLE-HIGH
138,0.75,0.99,CB-ILD,CB-ILD,1,0.10400000000000001,movies,0,True,MIDDLE-HIGH
138,0.99,1.0,CB-ILD,CB-ILD,0,0.11719999999999998,movies,0,True,HIGH
137,0.01,0.25,BIN-DIV,BIN-DIV,1,0.036500000000000005,movies,1,True,LOW-MIDDLE
137,0.1,0.25,BIN-DIV,BIN-DIV,0,0.30050000000000004,movies,1,True,LOW-MIDDLE
137,0.01,0.1,BIN-DIV,BIN-DIV,1,0.29780000000000006,movies,1,True,LOW
138,0.0,0.25,CB-ILD,CB-ILD,1,0.10960000000000003,movies,1,True,LOW-MIDDLE
138,0.25,0.5,CB-ILD,CB-ILD,1,0.24210000000000004,movies,1,True,MIDDLE
138,0.0,0.5,CB-ILD,CB-ILD,1,0.17170000000000002,movies,1,True,LOW-MIDDLE
136,0.0,0.01,CB-ILD,CB-ILD,1,0.05289999999999999,movies,0,True,LOW
136,0.0,0.25,CB-ILD,CB-ILD,1,0.1296,movies,0,True,LOW-MIDDLE
136,0.01,0.25,CB-ILD,CB-ILD,1,0.1825,movies,0,True,LOW-MIDDLE
139,0.0,0.99,CF-ILD,CF-ILD,1,0.018499999999999992,movies,0,True,LOW-HIGH
139,0.9,0.99,CF-ILD,CF-ILD,1,0.2089,movies,0,True,HIGH
139,0.0,0.9,CF-ILD,CF-ILD,1,0.2146,movies,0,True,LOW-HIGH
136,0.9,0.99,CB-ILD,CB-ILD,0,0.47450000000000003,movies,1,True,HIGH
136,0.99,1.0,CB-ILD,CB-ILD,1,0.3098000000000001,movies,1,True,HIGH
136,0.9,1.0,CB-ILD,CB-ILD,1,0.2225,movies,1,True,HIGH
139,0.25,0.5,CF-ILD,CF-ILD,1,0.2885,movies,1,True,MIDDLE
139,0.01,0.5,CF-ILD,CF-ILD,1,0.22249999999999998,movies,1,True,LOW-MIDDLE
139,0.01,0.25,CF-ILD,CF-ILD,1,0.06920000000000001,movies,1,True,LOW-MIDDLE
140,0.5,0.9,BIN-DIV,BIN-DIV,1,0.006499999999999995,movies,0,True,MIDDLE-HIGH
140,0.1,0.9,BIN-DIV,BIN-DIV,1,0.011299999999999994,movies,0,True,LOW-HIGH
140,0.1,0.5,BIN-DIV,BIN-DIV,1,0.008000000000000004,movies,0,True,LOW-MIDDLE
140,0.01,0.25,BIN-DIV,BIN-DIV,1,0.5185,movies,1,True,LOW-MIDDLE
140,0.01,0.75,BIN-DIV,BIN-DIV,1,0.04419999999999999,movies,1,True,LOW-MIDDLE
140,0.25,0.75,BIN-DIV,BIN-DIV,0,0.5625,movies,1,True,MIDDLE
144,0.0,0.75,BIN-DIV,CF-ILD,1,0.17450000000000002,movies,0,False,LOW-MIDDLE
144,0.0,0.1,BIN-DIV,CF-ILD,0,0.07930000000000001,movies,0,False,LOW
144,0.1,0.75,BIN-DIV,CF-ILD,1,0.097,movies,0,False,LOW-MIDDLE
145,0.0,1.0,CF-ILD,CF-ILD,1,0.31450000000000006,movies,0,True,LOW-HIGH
145,0.5,1.0,CF-ILD,CF-ILD,0,0.5537000000000001,movies,0,True,MIDDLE-HIGH
145,0.0,0.5,CF-ILD,CF-ILD,1,0.241,movies,0,True,LOW-MIDDLE
144,0.5,1.0,BIN-DIV,CF-ILD,1,0.03250000000000002,movies,1,False,MIDDLE-HIGH
144,0.25,1.0,BIN-DIV,CF-ILD,1,0.05200000000000002,movies,1,False,MIDDLE-HIGH
144,0.25,0.5,BIN-DIV,CF-ILD,1,0.019700000000000002,movies,1,False,MIDDLE
145,0.75,0.9,CF-ILD,CF-ILD,0,0.17689999999999997,movies,1,True,MIDDLE-HIGH
145,0.01,0.9,CF-ILD,CF-ILD,1,0.1373,movies,1,True,LOW-HIGH
145,0.01,0.75,CF-ILD,CF-ILD,1,0.04039999999999998,movies,1,True,LOW-MIDDLE
146,0.1,0.75,BIN-DIV,CF-ILD,1,0.011700000000000007,movies,0,False,LOW-MIDDLE
146,0.1,0.25,BIN-DIV,CF-ILD,1,0.011700000000000002,movies,0,False,LOW-MIDDLE
146,0.25,0.75,BIN-DIV,CF-ILD,1,0.007200000000000007,movies,0,False,MIDDLE
146,0.0,0.99,BIN-DIV,CF-ILD,1,0.4648999999999999,movies,1,False,LOW-HIGH
146,0.5,0.99,BIN-DIV,CF-ILD,0,0.46279999999999993,movies,1,False,MIDDLE-HIGH
146,0.0,0.5,BIN-DIV,CF-ILD,1,0.002900000000000001,movies,1,False,LOW-MIDDLE
147,0.75,0.9,CF-ILD,CF-ILD,1,0.022099999999999995,movies,0,True,MIDDLE-HIGH
147,0.25,0.75,CF-ILD,CF-ILD,1,0.024500000000000004,movies,0,True,MIDDLE
147,0.25,0.9,CF-ILD,CF-ILD,1,0.007399999999999994,movies,0,True,MIDDLE-HIGH
147,0.01,0.5,CF-ILD,CF-ILD,1,0.24369999999999997,movies,1,True,LOW-MIDDLE
147,0.0,0.5,CF-ILD,CF-ILD,1,0.48019999999999996,movies,1,True,LOW-MIDDLE
147,0.0,0.01,CF-ILD,CF-ILD,0,0.24369999999999997,movies,1,True,LOW
150,0.75,0.99,BIN-DIV,CF-ILD,1,0.053799999999999994,movies,0,False,MIDDLE-HIGH
150,0.5,0.75,BIN-DIV,CF-ILD,1,0.22929999999999995,movies,0,False,MIDDLE
150,0.5,0.99,BIN-DIV,CF-ILD,1,0.17729999999999999,movies,0,False,MIDDLE-HIGH
150,0.25,1.0,BIN-DIV,CF-ILD,0,0.738,movies,1,False,MIDDLE-HIGH
150,0.1,0.25,BIN-DIV,CF-ILD,0,0.6337000000000002,movies,1,False,LOW-MIDDLE
150,0.1,1.0,BIN-DIV,CF-ILD,0,1.1125000000000003,movies,1,False,LOW-HIGH
152,0.25,0.9,CB-ILD,CF-ILD,1,0.04569999999999999,movies,0,False,MIDDLE-HIGH
152,0.9,1.0,CB-ILD,CF-ILD,0,0.34970000000000007,movies,0,False,HIGH
152,0.25,1.0,CB-ILD,CF-ILD,1,0.39220000000000005,movies,0,False,MIDDLE-HIGH
148,0.1,0.25,CB-ILD,CF-ILD,1,0.1557,movies,0,False,LOW-MIDDLE
148,0.01,0.25,CB-ILD,CF-ILD,1,0.261,movies,0,False,LOW-MIDDLE
148,0.01,0.1,CB-ILD,CF-ILD,0,0.11250000000000002,movies,0,False,LOW
152,0.0,0.75,CB-ILD,CF-ILD,1,0.03769999999999998,movies,1,False,LOW-MIDDLE
152,0.1,0.75,CB-ILD,CF-ILD,1,0.24770000000000003,movies,1,False,LOW-MIDDLE
152,0.0,0.1,CB-ILD,CF-ILD,1,0.21320000000000006,movies,1,False,LOW
148,0.0,1.0,CB-ILD,CF-ILD,0,1.0372,movies,1,False,LOW-HIGH
148,0.99,1.0,CB-ILD,CF-ILD,0,0.9944999999999999,movies,1,False,HIGH
148,0.0,0.99,CB-ILD,CF-ILD,1,0.18850000000000003,movies,1,False,LOW-HIGH
151,0.1,0.9,BIN-DIV,CF-ILD,1,0.2997,movies,0,False,LOW-HIGH
151,0.25,0.9,BIN-DIV,CF-ILD,1,0.34,movies,0,False,MIDDLE-HIGH
151,0.1,0.25,BIN-DIV,CF-ILD,0,0.056499999999999995,movies,0,False,LOW-MIDDLE
151,0.01,0.75,BIN-DIV,CF-ILD,0,1.0685,movies,1,False,LOW-MIDDLE
151,0.5,0.75,BIN-DIV,CF-ILD,1,0.40579999999999994,movies,1,False,MIDDLE
151,0.01,0.5,BIN-DIV,CF-ILD,0,1.1044999999999998,movies,1,False,LOW-MIDDLE
157,0.01,0.25,CB-ILD,CF-ILD,0,0.32169999999999993,movies,0,False,LOW-MIDDLE
157,0.25,1.0,CB-ILD,CF-ILD,1,0.3681,movies,0,False,MIDDLE-HIGH
157,0.01,1.0,CB-ILD,CF-ILD,0,0.6736,movies,0,False,LOW-HIGH
157,0.9,0.99,CB-ILD,CF-ILD,1,0.7632999999999999,movies,1,False,HIGH
157,0.1,0.9,CB-ILD,CF-ILD,0,0.8032999999999999,movies,1,False,LOW-HIGH
157,0.1,0.99,CB-ILD,CF-ILD,0,0.5008,movies,1,False,LOW-HIGH
155,0.5,0.9,CB-ILD,CF-ILD,1,0.522,movies,0,False,MIDDLE-HIGH
155,0.25,0.9,CB-ILD,CF-ILD,0,0.4941,movies,0,False,MIDDLE-HIGH
155,0.25,0.5,CB-ILD,CF-ILD,0,0.43289999999999995,movies,0,False,MIDDLE
154,0.25,0.99,CB-ILD,CF-ILD,1,0.04839999999999999,movies,0,False,MIDDLE-HIGH
154,0.9,0.99,CB-ILD,CF-ILD,1,0.7921,movies,0,False,HIGH
154,0.25,0.9,CB-ILD,CF-ILD,0,0.8405,movies,0,False,MIDDLE-HIGH
155,0.1,1.0,CB-ILD,CF-ILD,1,0.15760000000000002,movies,1,False,LOW-HIGH
155,0.01,1.0,CB-ILD,CF-ILD,1,0.09010000000000003,movies,1,False,LOW-HIGH
155,0.01,0.1,CB-ILD,CF-ILD,1,0.06770000000000001,movies,1,False,LOW
154,0.5,0.75,CB-ILD,CF-ILD,1,0.2725,movies,1,False,MIDDLE
154,0.01,0.5,CB-ILD,CF-ILD,0,0.5105,movies,1,False,LOW-MIDDLE
154,0.01,0.75,CB-ILD,CF-ILD,1,0.30280000000000007,movies,1,False,LOW-MIDDLE
153,0.0,0.99,CB-ILD,CF-ILD,1,0.0067999999999999935,movies,0,False,LOW-HIGH
153,0.0,0.01,CB-ILD,CF-ILD,1,0.2405,movies,0,False,LOW
153,0.01,0.99,CB-ILD,CF-ILD,1,0.24649999999999997,movies,0,False,LOW-HIGH
153,0.1,0.75,CB-ILD,CF-ILD,0,0.7186000000000001,movies,1,False,LOW-MIDDLE
153,0.25,0.75,CB-ILD,CF-ILD,0,0.49810000000000004,movies,1,False,MIDDLE
153,0.1,0.25,CB-ILD,CF-ILD,1,1.0917000000000001,movies,1,False,LOW-MIDDLE
156,0.5,0.75,BIN-DIV,CF-ILD,0,0.3879999999999999,movies,0,False,MIDDLE
156,0.25,0.75,BIN-DIV,CF-ILD,0,0.3285,movies,0,False,MIDDLE
156,0.25,0.5,BIN-DIV,CF-ILD,1,0.36369999999999997,movies,0,False,MIDDLE
156,0.0,0.1,BIN-DIV,CF-ILD,1,0.18280000000000002,movies,1,False,LOW
156,0.0,0.9,BIN-DIV,CF-ILD,1,0.0064,movies,1,False,LOW-HIGH
156,0.1,0.9,BIN-DIV,CF-ILD,1,0.17640000000000003,movies,1,False,LOW-HIGH
158,0.25,0.75,BIN-DIV,CF-ILD,1,0.054900000000000004,movies,0,False,MIDDLE
158,0.75,0.9,BIN-DIV,CF-ILD,0,0.1594,movies,0,False,MIDDLE-HIGH
158,0.25,0.9,BIN-DIV,CF-ILD,1,0.1693,movies,0,False,MIDDLE-HIGH
158,0.0,0.01,BIN-DIV,CF-ILD,0,0.10600000000000001,movies,1,False,LOW
158,0.0,0.5,BIN-DIV,CF-ILD,1,0.10729999999999999,movies,1,False,LOW-MIDDLE
158,0.01,0.5,BIN-DIV,CF-ILD,1,0.008499999999999994,movies,1,False,LOW-MIDDLE
159,0.1,0.99,BIN-DIV,CF-ILD,0,0.7985,movies,0,False,LOW-HIGH
159,0.1,1.0,BIN-DIV,CF-ILD,1,0.2885,movies,0,False,LOW-HIGH
159,0.99,1.0,BIN-DIV,CF-ILD,1,0.6452,movies,0,False,HIGH
159,0.75,0.9,BIN-DIV,CF-ILD,0,0.20050000000000004,movies,1,False,MIDDLE-HIGH
159,0.01,0.9,BIN-DIV,CF-ILD,1,0.21650000000000003,movies,1,False,LOW-HIGH
159,0.01,0.75,BIN-DIV,CF-ILD,1,0.08080000000000001,movies,1,False,LOW-MIDDLE
160,0.25,0.5,CF-ILD,CF-ILD,1,0.8125,movies,0,True,MIDDLE
160,0.1,0.25,CF-ILD,CF-ILD,1,1.3725,movies,0,True,LOW-MIDDLE
160,0.1,0.5,CF-ILD,CF-ILD,1,1.06,movies,0,True,LOW-MIDDLE
160,0.01,0.99,CF-ILD,CF-ILD,1,0.593,movies,1,True,LOW-HIGH
160,0.99,1.0,CF-ILD,CF-ILD,1,0.7865,movies,1,True,HIGH
160,0.01,1.0,CF-ILD,CF-ILD,1,0.19369999999999996,movies,1,True,LOW-HIGH
163,0.01,0.25,BIN-DIV,CF-ILD,1,0.10329999999999996,movies,0,False,LOW-MIDDLE
163,0.01,0.9,BIN-DIV,CF-ILD,1,0.41050000000000003,movies,0,False,LOW-HIGH
163,0.25,0.9,BIN-DIV,CF-ILD,0,0.512,movies,0,False,MIDDLE-HIGH
163,0.5,0.99,BIN-DIV,CF-ILD,0,0.9802,movies,1,False,MIDDLE-HIGH
163,0.75,0.99,BIN-DIV,CF-ILD,0,1.2202,movies,1,False,MIDDLE-HIGH
163,0.5,0.75,BIN-DIV,CF-ILD,0,0.24019999999999997,movies,1,False,MIDDLE
165,0.99,1.0,CB-ILD,CF-ILD,1,0.048500000000000015,movies,0,False,HIGH
165,0.0,0.99,CB-ILD,CF-ILD,1,0.051400000000000015,movies,0,False,LOW-HIGH
165,0.0,1.0,CB-ILD,CF-ILD,1,0.0421,movies,0,False,LOW-HIGH
165,0.5,0.9,CB-ILD,CF-ILD,0,0.28609999999999997,movies,1,False,MIDDLE-HIGH
165,0.01,0.9,CB-ILD,CF-ILD,1,0.2696,movies,1,False,LOW-HIGH
165,0.01,0.5,CB-ILD,CF-ILD,1,0.05569999999999997,movies,1,False,LOW-MIDDLE
166,0.25,0.5,CB-ILD,CF-ILD,1,0.36369999999999997,movies,0,False,MIDDLE
166,0.0,0.5,CB-ILD,CF-ILD,1,0.23119999999999996,movies,0,False,LOW-MIDDLE
166,0.0,0.25,CB-ILD,CF-ILD,1,0.17170000000000002,movies,0,False,LOW-MIDDLE
164,0.75,1.0,BIN-DIV,CF-ILD,1,0.5729,movies,0,False,MIDDLE-HIGH
164,0.25,0.75,BIN-DIV,CF-ILD,0,0.5553999999999999,movies,0,False,MIDDLE
164,0.25,1.0,BIN-DIV,CF-ILD,1,0.062499999999999986,movies,0,False,MIDDLE-HIGH
164,0.01,0.99,BIN-DIV,CF-ILD,1,0.048499999999999995,movies,1,False,LOW-HIGH
164,0.01,0.9,BIN-DIV,CF-ILD,1,0.22100000000000003,movies,1,False,LOW-HIGH
164,0.9,0.99,BIN-DIV,CF-ILD,1,0.26930000000000004,movies,1,False,HIGH
166,0.9,0.99,CB-ILD,CF-ILD,1,0.6824000000000001,movies,1,False,HIGH
166,0.75,0.9,CB-ILD,CF-ILD,0,0.7624000000000001,movies,1,False,MIDDLE-HIGH
166,0.75,0.99,CB-ILD,CF-ILD,1,0.09999999999999999,movies,1,False,MIDDLE-HIGH
168,0.75,1.0,BIN-DIV,CF-ILD,1,0.5299999999999999,movies,0,False,MIDDLE-HIGH
168,0.01,0.75,BIN-DIV,CF-ILD,0,0.6144999999999999,movies,0,False,LOW-MIDDLE
168,0.01,1.0,BIN-DIV,CF-ILD,1,0.2197,movies,0,False,LOW-HIGH
167,0.25,1.0,BIN-DIV,CF-ILD,1,0.0625,movies,0,False,MIDDLE-HIGH
167,0.25,0.75,BIN-DIV,CF-ILD,1,0.125,movies,0,False,MIDDLE
167,0.75,1.0,BIN-DIV,CF-ILD,1,0.0625,movies,0,False,MIDDLE-HIGH
168,0.25,0.9,BIN-DIV,CF-ILD,0,0.4264,movies,1,False,MIDDLE-HIGH
168,0.25,0.5,BIN-DIV,CF-ILD,0,0.3613,movies,1,False,MIDDLE
168,0.5,0.9,BIN-DIV,CF-ILD,1,0.43489999999999995,movies,1,False,MIDDLE-HIGH
167,0.0,0.5,BIN-DIV,CF-ILD,1,0.13249999999999998,movies,1,False,LOW-MIDDLE
167,0.0,0.99,BIN-DIV,CF-ILD,1,0.30160000000000003,movies,1,False,LOW-HIGH
167,0.5,0.99,BIN-DIV,CF-ILD,0,0.4141,movies,1,False,MIDDLE-HIGH
171,0.0,0.01,BIN-DIV,CB-ILD,0,0.9753999999999999,movies,0,False,LOW
171,0.01,0.25,BIN-DIV,CB-ILD,1,0.26649999999999996,movies,0,False,LOW-MIDDLE
171,0.0,0.25,BIN-DIV,CB-ILD,0,1.0960999999999999,movies,0,False,LOW-MIDDLE
171,0.9,0.99,BIN-DIV,CB-ILD,1,0.45200000000000007,movies,1,False,HIGH
171,0.99,1.0,BIN-DIV,CB-ILD,1,0.1256,movies,1,False,HIGH
171,0.9,1.0,BIN-DIV,CB-ILD,1,0.3464000000000001,movies,1,False,HIGH
170,0.01,0.99,CB-ILD,CB-ILD,1,0.397,movies,0,True,LOW-HIGH
170,0.75,0.99,CB-ILD,CB-ILD,1,0.16819999999999996,movies,0,True,MIDDLE-HIGH
170,0.01,0.75,CB-ILD,CB-ILD,0,0.565,movies,0,True,LOW-MIDDLE
170,0.9,1.0,CB-ILD,CB-ILD,1,0.226,movies,1,True,HIGH
170,0.1,1.0,CB-ILD,CB-ILD,1,0.03600000000000002,movies,1,True,LOW-HIGH
170,0.1,0.9,CB-ILD,CB-ILD,1,0.1972,movies,1,True,LOW-HIGH
172,0.5,1.0,CF-ILD,CB-ILD,0,0.7432,movies,0,False,MIDDLE-HIGH
172,0.01,1.0,CF-ILD,CB-ILD,0,1.2725,movies,0,False,LOW-HIGH
172,0.01,0.5,CF-ILD,CB-ILD,0,0.5365,movies,0,False,LOW-MIDDLE
172,0.0,0.75,CF-ILD,CB-ILD,1,0.19369999999999998,movies,1,False,LOW-MIDDLE
172,0.75,0.99,CF-ILD,CB-ILD,0,0.8836999999999999,movies,1,False,MIDDLE-HIGH
172,0.0,0.99,CF-ILD,CB-ILD,0,1.0772,movies,1,False,LOW-HIGH
173,0.0,0.5,BIN-DIV,CB-ILD,1,0.05380000000000001,movies,0,False,LOW-MIDDLE
173,0.0,0.1,BIN-DIV,CB-ILD,1,0.5712999999999999,movies,0,False,LOW
173,0.1,0.5,BIN-DIV,CB-ILD,0,0.5193,movies,0,False,LOW-MIDDLE
173,0.01,0.25,BIN-DIV,CB-ILD,1,0.0461,movies,1,False,LOW-MIDDLE
173,0.25,0.99,BIN-DIV,CB-ILD,1,0.053000000000000005,movies,1,False,MIDDLE-HIGH
173,0.01,0.99,BIN-DIV,CB-ILD,1,0.026900000000000004,movies,1,False,LOW-HIGH
175,0.0,0.99,BIN-DIV,CB-ILD,1,0.33050000000000007,movies,0,False,LOW-HIGH
175,0.01,0.99,BIN-DIV,CB-ILD,0,0.8465,movies,0,False,LOW-HIGH
175,0.0,0.01,BIN-DIV,CB-ILD,1,0.5498,movies,0,False,LOW
175,0.1,0.9,BIN-DIV,CB-ILD,1,0.011599999999999996,movies,1,False,LOW-HIGH
175,0.25,0.9,BIN-DIV,CB-ILD,1,0.024399999999999995,movies,1,False,MIDDLE-HIGH
175,0.1,0.25,BIN-DIV,CB-ILD,1,0.016,movies,1,False,LOW-MIDDLE
177,0.01,0.1,CF-ILD,CB-ILD,0,0.1961,movies,0,False,LOW
177,0.01,0.25,CF-ILD,CB-ILD,1,0.6292,movies,0,False,LOW-MIDDLE
177,0.1,0.25,CF-ILD,CB-ILD,1,0.43810000000000004,movies,0,False,LOW-MIDDLE
177,0.0,0.5,CF-ILD,CB-ILD,0,0.6649,movies,1,False,LOW-MIDDLE
177,0.0,0.99,CF-ILD,CB-ILD,0,0.8849,movies,1,False,LOW-HIGH
177,0.5,0.99,CF-ILD,CB-ILD,1,0.6249999999999999,movies,1,False,MIDDLE-HIGH
178,0.0,0.1,CB-ILD,CB-ILD,1,0.07250000000000001,movies,0,True,LOW
178,0.1,0.25,CB-ILD,CB-ILD,1,0.2612,movies,0,True,LOW-MIDDLE
178,0.0,0.25,CB-ILD,CB-ILD,1,0.19849999999999995,movies,0,True,LOW-MIDDLE
178,0.5,0.9,CB-ILD,CB-ILD,1,0.025,movies,1,True,MIDDLE-HIGH
178,0.01,0.9,CB-ILD,CB-ILD,1,0.006099999999999994,movies,1,True,LOW-HIGH
178,0.01,0.5,CB-ILD,CB-ILD,1,0.026100000000000005,movies,1,True,LOW-MIDDLE
179,0.5,0.75,BIN-DIV,CB-ILD,1,0.0577,movies,0,False,MIDDLE
179,0.5,1.0,BIN-DIV,CB-ILD,1,0.0577,movies,0,False,MIDDLE-HIGH
179,0.75,1.0,BIN-DIV,CB-ILD,1,0.00020000000000000036,movies,0,False,MIDDLE-HIGH
179,0.25,0.99,BIN-DIV,CB-ILD,1,0.031999999999999994,movies,1,False,MIDDLE-HIGH
179,0.0,0.25,BIN-DIV,CB-ILD,0,0.0932,movies,1,False,LOW-MIDDLE
179,0.0,0.99,BIN-DIV,CB-ILD,1,0.074,movies,1,False,LOW-HIGH
180,0.1,0.25,CB-ILD,CB-ILD,0,0.7400000000000001,movies,0,True,LOW-MIDDLE
180,0.1,0.5,CB-ILD,CB-ILD,0,0.8933000000000001,movies,0,True,LOW-MIDDLE
180,0.25,0.5,CB-ILD,CB-ILD,0,0.2885,movies,0,True,MIDDLE
180,0.9,0.99,CB-ILD,CB-ILD,1,0.9333,movies,1,True,HIGH
180,0.75,0.9,CB-ILD,CB-ILD,0,0.7669,movies,1,True,MIDDLE-HIGH
180,0.75,0.99,CB-ILD,CB-ILD,0,0.1864,movies,1,True,MIDDLE-HIGH
182,0.01,0.75,CF-ILD,CF-ILD,0,0.5265,movies,0,True,LOW-MIDDLE
182,0.0,0.01,CF-ILD,CF-ILD,0,1.189,movies,0,True,LOW
182,0.0,0.75,CF-ILD,CF-ILD,0,0.9217,movies,0,True,LOW-MIDDLE
181,0.1,0.5,CF-ILD,CF-ILD,0,0.8497,movies,0,True,LOW-MIDDLE
181,0.0,0.1,CF-ILD,CF-ILD,1,0.7937000000000001,movies,0,True,LOW
181,0.0,0.5,CF-ILD,CF-ILD,1,0.059199999999999996,movies,0,True,LOW-MIDDLE
182,0.25,0.99,CF-ILD,CF-ILD,1,0.10370000000000003,movies,1,True,MIDDLE-HIGH
182,0.1,0.25,CF-ILD,CF-ILD,0,0.7591999999999999,movies,1,True,LOW-MIDDLE
182,0.1,0.99,CF-ILD,CF-ILD,0,0.8237,movies,1,True,LOW-HIGH
181,0.9,1.0,CF-ILD,CF-ILD,0,1.3977,movies,1,True,HIGH
181,0.25,0.9,CF-ILD,CF-ILD,0,1.0237,movies,1,True,MIDDLE-HIGH
181,0.25,1.0,CF-ILD,CF-ILD,0,1.4691999999999998,movies,1,True,MIDDLE-HIGH
184,0.75,1.0,BIN-DIV,BIN-DIV,0,1.09,movies,0,True,MIDDLE-HIGH
184,0.5,1.0,BIN-DIV,BIN-DIV,0,1.2208999999999999,movies,0,True,MIDDLE-HIGH
184,0.5,0.75,BIN-DIV,BIN-DIV,0,0.31089999999999995,movies,0,True,MIDDLE
184,0.1,0.25,BIN-DIV,BIN-DIV,1,0.5284,movies,1,True,LOW-MIDDLE
184,0.01,0.25,BIN-DIV,BIN-DIV,1,0.7684,movies,1,True,LOW-MIDDLE
184,0.01,0.1,BIN-DIV,BIN-DIV,0,0.26,movies,1,True,LOW
183,0.0,0.01,BIN-DIV,BIN-DIV,0,0.5941000000000001,movies,0,True,LOW
183,0.01,1.0,BIN-DIV,BIN-DIV,0,0.7816,movies,0,True,LOW-HIGH
183,0.0,1.0,BIN-DIV,BIN-DIV,0,0.7925,movies,0,True,LOW-HIGH
183,0.1,0.75,BIN-DIV,BIN-DIV,0,0.37640000000000007,movies,1,True,LOW-MIDDLE
183,0.1,0.99,BIN-DIV,BIN-DIV,1,0.3893000000000001,movies,1,True,LOW-HIGH
183,0.75,0.99,BIN-DIV,BIN-DIV,1,0.09289999999999997,movies,1,True,MIDDLE-HIGH
185,0.5,1.0,BIN-DIV,BIN-DIV,0,0.4181,movies,0,True,MIDDLE-HIGH
185,0.5,0.9,BIN-DIV,BIN-DIV,0,0.9425,movies,0,True,MIDDLE-HIGH
185,0.9,1.0,BIN-DIV,BIN-DIV,1,1.0244,movies,0,True,HIGH
185,0.1,0.25,BIN-DIV,BIN-DIV,0,0.7893,movies,1,True,LOW-MIDDLE
185,0.1,0.75,BIN-DIV,BIN-DIV,0,1.2898,movies,1,True,LOW-MIDDLE
185,0.25,0.75,BIN-DIV,BIN-DIV,0,0.5652999999999999,movies,1,True,MIDDLE
188,0.25,1.0,CF-ILD,CB-ILD,0,0.9305,movies,0,False,MIDDLE-HIGH
188,0.25,0.99,CF-ILD,CB-ILD,1,0.10279999999999996,movies,0,False,MIDDLE-HIGH
188,0.99,1.0,CF-ILD,CB-ILD,0,0.8285,movies,0,False,HIGH
188,0.0,0.9,CF-ILD,CB-ILD,1,0.0005000000000000002,movies,1,False,LOW-HIGH
188,0.0,0.1,CF-ILD,CB-ILD,1,0.10929999999999997,movies,1,False,LOW
188,0.1,0.9,CF-ILD,CB-ILD,1,0.10899999999999997,movies,1,False,LOW-HIGH
187,0.1,0.75,BIN-DIV,CB-ILD,1,0.09490000000000001,movies,0,False,LOW-MIDDLE
187,0.25,0.75,BIN-DIV,CB-ILD,1,0.005299999999999992,movies,0,False,MIDDLE
187,0.1,0.25,BIN-DIV,CB-ILD,0,0.09040000000000002,movies,0,False,LOW-MIDDLE
187,0.9,0.99,BIN-DIV,CB-ILD,0,0.4744999999999999,movies,1,False,HIGH
187,0.01,0.9,BIN-DIV,CB-ILD,1,0.045200000000000004,movies,1,False,LOW-HIGH
187,0.01,0.99,BIN-DIV,CB-ILD,1,0.4684999999999999,movies,1,False,LOW-HIGH
186,0.01,0.1,CB-ILD,CB-ILD,1,0.13,movies,0,True,LOW
186,0.1,0.5,CB-ILD,CB-ILD,1,0.2056,movies,0,True,LOW-MIDDLE
186,0.01,0.5,CB-ILD,CB-ILD,1,0.15559999999999996,movies,0,True,LOW-MIDDLE
186,0.0,0.25,CB-ILD,CB-ILD,1,0.20569999999999997,movies,1,True,LOW-MIDDLE
186,0.0,1.0,CB-ILD,CB-ILD,1,0.0125,movies,1,True,LOW-HIGH
186,0.25,1.0,CB-ILD,CB-ILD,1,0.19399999999999998,movies,1,True,MIDDLE-HIGH
189,0.0,0.9,BIN-DIV,CB-ILD,1,0.2525,movies,0,False,LOW-HIGH
189,0.0,0.75,BIN-DIV,CB-ILD,1,0.0026000000000000007,movies,0,False,LOW-MIDDLE
189,0.75,0.9,BIN-DIV,CB-ILD,0,0.2501,movies,0,False,MIDDLE-HIGH
189,0.5,1.0,BIN-DIV,CB-ILD,0,0.41759999999999997,movies,1,False,MIDDLE-HIGH
189,0.25,0.5,BIN-DIV,CB-ILD,1,0.0976,movies,1,False,MIDDLE
189,0.25,1.0,BIN-DIV,CB-ILD,1,0.4,movies,1,False,MIDDLE-HIGH
190,0.5,0.9,CB-ILD,CB-ILD,0,0.9778,movies,0,True,MIDDLE-HIGH
190,0.0,0.9,CB-ILD,CB-ILD,0,0.7578,movies,0,True,LOW-HIGH
190,0.0,0.5,CB-ILD,CB-ILD,0,0.2218,movies,0,True,LOW-MIDDLE
190,0.01,1.0,CB-ILD,CB-ILD,1,0.5354,movies,1,True,LOW-HIGH
190,0.1,1.0,CB-ILD,CB-ILD,1,0.15460000000000002,movies,1,True,LOW-HIGH
190,0.01,0.1,CB-ILD,CB-ILD,0,0.6849999999999999,movies,1,True,LOW
191,0.75,0.99,BIN-DIV,CB-ILD,0,0.9621000000000001,movies,0,False,MIDDLE-HIGH
191,0.9,0.99,BIN-DIV,CB-ILD,0,0.8829,movies,0,False,HIGH
191,0.75,0.9,BIN-DIV,CB-ILD,1,0.22500000000000003,movies,0,False,MIDDLE-HIGH
191,0.01,0.1,BIN-DIV,CB-ILD,0,0.17999999999999997,movies,1,False,LOW
191,0.01,0.5,BIN-DIV,CB-ILD,1,0.19329999999999997,movies,1,False,LOW-MIDDLE
191,0.1,0.5,BIN-DIV,CB-ILD,1,0.0205,movies,1,False,LOW-MIDDLE
193,0.75,0.99,CF-ILD,CB-ILD,0,0.7136999999999999,movies,0,False,MIDDLE-HIGH
193,0.1,0.75,CF-ILD,CB-ILD,0,0.8002,movies,0,False,LOW-MIDDLE
193,0.1,0.99,CF-ILD,CB-ILD,0,1.4977,movies,0,False,LOW-HIGH
193,0.0,0.25,CF-ILD,CB-ILD,1,0.033999999999999996,movies,1,False,LOW-MIDDLE
193,0.0,0.9,CF-ILD,CB-ILD,1,0.002000000000000001,movies,1,False,LOW-HIGH
193,0.25,0.9,CF-ILD,CB-ILD,1,0.032799999999999996,movies,1,False,MIDDLE-HIGH
192,0.9,1.0,BIN-DIV,CB-ILD,0,0.9882,movies,0,False,HIGH
192,0.9,0.99,BIN-DIV,CB-ILD,0,0.2682,movies,0,False,HIGH
192,0.99,1.0,BIN-DIV,CB-ILD,0,1.2402,movies,0,False,HIGH
192,0.25,0.75,BIN-DIV,CB-ILD,1,0.1305,movies,1,False,MIDDLE
192,0.01,0.25,BIN-DIV,CB-ILD,1,0.0729,movies,1,False,LOW-MIDDLE
192,0.01,0.75,BIN-DIV,CB-ILD,1,0.0576,movies,1,False,LOW-MIDDLE
194,0.1,0.75,BIN-DIV,CF-ILD,1,0.20840000000000003,movies,0,False,LOW-MIDDLE
194,0.25,0.75,BIN-DIV,CF-ILD,1,0.1013,movies,0,False,MIDDLE
194,0.1,0.25,BIN-DIV,CF-ILD,0,0.21290000000000003,movies,0,False,LOW-MIDDLE
194,0.9,0.99,BIN-DIV,CF-ILD,0,1.1009,movies,1,False,HIGH
194,0.01,0.99,BIN-DIV,CF-ILD,0,1.8624999999999998,movies,1,False,LOW-HIGH
194,0.01,0.9,BIN-DIV,CF-ILD,0,1.0816,movies,1,False,LOW-HIGH
197,0.5,1.0,CF-ILD,CF-ILD,1,0.23330000000000004,movies,0,True,MIDDLE-HIGH
197,0.25,0.5,CF-ILD,CF-ILD,1,0.0884,movies,0,True,MIDDLE
197,0.25,1.0,CF-ILD,CF-ILD,1,0.22490000000000004,movies,0,True,MIDDLE-HIGH
197,0.01,0.1,CF-ILD,CF-ILD,1,0.0007999999999999995,movies,1,True,LOW
197,0.01,0.99,CF-ILD,CF-ILD,1,0.5332999999999999,movies,1,True,LOW-HIGH
197,0.1,0.99,CF-ILD,CF-ILD,1,0.5332999999999999,movies,1,True,LOW-HIGH
204,0.25,0.9,CF-ILD,CF-ILD,1,0.06560000000000002,books,0,True,MIDDLE-HIGH
204,0.1,0.25,CF-ILD,CF-ILD,0,0.13000000000000003,books,0,True,LOW-MIDDLE
204,0.1,0.9,CF-ILD,CF-ILD,1,0.11560000000000004,books,0,True,LOW-HIGH
204,0.5,0.99,CF-ILD,CF-ILD,1,0.6724999999999999,books,1,True,MIDDLE-HIGH
204,0.99,1.0,CF-ILD,CF-ILD,1,0.49009999999999987,books,1,True,HIGH
204,0.5,1.0,CF-ILD,CF-ILD,1,0.3176,books,1,True,MIDDLE-HIGH
203,0.25,0.75,CF-ILD,CF-ILD,0,0.20499999999999996,books,0,True,MIDDLE
203,0.75,0.99,CF-ILD,CF-ILD,1,0.08660000000000002,books,0,True,MIDDLE-HIGH
203,0.25,0.99,CF-ILD,CF-ILD,1,0.28659999999999997,books,0,True,MIDDLE-HIGH
203,0.5,0.9,CF-ILD,CF-ILD,1,0.0725,books,1,True,MIDDLE-HIGH
203,0.1,0.5,CF-ILD,CF-ILD,1,0.4276,books,1,True,LOW-MIDDLE
203,0.1,0.9,CF-ILD,CF-ILD,1,0.3649,books,1,True,LOW-HIGH
205,0.1,0.9,BIN-DIV,BIN-DIV,0,1.4977,books,0,True,LOW-HIGH
205,0.1,0.99,BIN-DIV,BIN-DIV,0,1.657,books,0,True,LOW-HIGH
205,0.9,0.99,BIN-DIV,BIN-DIV,1,1.5705,books,0,True,HIGH
205,0.25,1.0,BIN-DIV,BIN-DIV,1,1.0625,books,1,True,MIDDLE-HIGH
205,0.01,0.25,BIN-DIV,BIN-DIV,0,0.9089,books,1,True,LOW-MIDDLE
205,0.01,1.0,BIN-DIV,BIN-DIV,0,1.8464,books,1,True,LOW-HIGH
206,0.25,1.0,CF-ILD,CF-ILD,1,0.0685,books,0,True,MIDDLE-HIGH
206,0.1,1.0,CF-ILD,CF-ILD,1,0.0776,books,0,True,LOW-HIGH
206,0.1,0.25,CF-ILD,CF-ILD,1,0.010900000000000003,books,0,True,LOW-MIDDLE
208,0.01,0.75,BIN-DIV,BIN-DIV,1,0.025,books,0,True,LOW-MIDDLE
208,0.01,0.1,BIN-DIV,BIN-DIV,1,0.145,books,0,True,LOW
208,0.1,0.75,BIN-DIV,BIN-DIV,1,0.1538,books,0,True,LOW-MIDDLE
206,0.5,0.99,CF-ILD,CF-ILD,0,0.9319999999999999,books,1,True,MIDDLE-HIGH
206,0.0,0.5,CF-ILD,CF-ILD,0,0.3085,books,1,True,LOW-MIDDLE
206,0.0,0.99,CF-ILD,CF-ILD,0,1.1437,books,1,True,LOW-HIGH
208,0.25,1.0,BIN-DIV,BIN-DIV,1,0.17300000000000001,books,1,True,MIDDLE-HIGH
208,0.25,0.9,BIN-DIV,BIN-DIV,1,0.10100000000000003,books,1,True,MIDDLE-HIGH
208,0.9,1.0,BIN-DIV,BIN-DIV,0,0.26420000000000005,books,1,True,HIGH
210,0.1,0.75,BIN-DIV,BIN-DIV,0,0.7939999999999999,books,0,True,LOW-MIDDLE
210,0.75,0.9,BIN-DIV,BIN-DIV,0,0.5524999999999999,books,0,True,MIDDLE-HIGH
210,0.1,0.9,BIN-DIV,BIN-DIV,0,1.3073,books,0,True,LOW-HIGH
210,0.5,1.0,BIN-DIV,BIN-DIV,0,0.5897,books,1,True,MIDDLE-HIGH
210,0.0,1.0,BIN-DIV,BIN-DIV,0,1.5379999999999998,books,1,True,LOW-HIGH
210,0.0,0.5,BIN-DIV,BIN-DIV,0,0.9724999999999999,books,1,True,LOW-MIDDLE
207,0.5,0.99,CF-ILD,CF-ILD,1,0.03250000000000002,books,0,True,MIDDLE-HIGH
207,0.01,0.5,CF-ILD,CF-ILD,1,0.08530000000000001,books,0,True,LOW-MIDDLE
207,0.01,0.99,CF-ILD,CF-ILD,1,0.05299999999999999,books,0,True,LOW-HIGH
207,0.75,0.9,CF-ILD,CF-ILD,1,0.025999999999999995,books,1,True,MIDDLE-HIGH
207,0.1,0.9,CF-ILD,CF-ILD,1,0.011299999999999994,books,1,True,LOW-HIGH
207,0.1,0.75,CF-ILD,CF-ILD,1,0.024500000000000004,books,1,True,LOW-MIDDLE
211,0.5,1.0,BIN-DIV,BIN-DIV,0,0.7708999999999999,books,0,True,MIDDLE-HIGH
211,0.0,0.5,BIN-DIV,BIN-DIV,1,0.04929999999999999,books,0,True,LOW-MIDDLE
211,0.0,1.0,BIN-DIV,BIN-DIV,1,0.7233999999999999,books,0,True,LOW-HIGH
211,0.9,0.99,BIN-DIV,BIN-DIV,0,1.4841,books,1,True,HIGH
211,0.25,0.9,BIN-DIV,BIN-DIV,0,0.7225,books,1,True,MIDDLE-HIGH
211,0.25,0.99,BIN-DIV,BIN-DIV,0,1.0816,books,1,True,MIDDLE-HIGH
214,0.25,0.5,BIN-DIV,BIN-DIV,1,0.04680000000000002,books,0,True,MIDDLE
214,0.01,0.25,BIN-DIV,BIN-DIV,1,0.014499999999999999,books,0,True,LOW-MIDDLE
214,0.01,0.5,BIN-DIV,BIN-DIV,1,0.03250000000000002,books,0,True,LOW-MIDDLE
214,0.1,0.9,BIN-DIV,BIN-DIV,1,0.29090000000000005,books,1,True,LOW-HIGH
214,0.1,0.75,BIN-DIV,BIN-DIV,1,0.014899999999999995,books,1,True,LOW-MIDDLE
214,0.75,0.9,BIN-DIV,BIN-DIV,0,0.28580000000000005,books,1,True,MIDDLE-HIGH
213,0.25,0.75,CF-ILD,CF-ILD,0,1.0084,books,0,True,MIDDLE
213,0.5,0.75,CF-ILD,CF-ILD,0,0.4900999999999999,books,0,True,MIDDLE
213,0.25,0.5,CF-ILD,CF-ILD,0,0.5185,books,0,True,MIDDLE
213,0.99,1.0,CF-ILD,CF-ILD,1,0.2385,books,1,True,HIGH
213,0.01,0.99,CF-ILD,CF-ILD,1,0.23199999999999998,books,1,True,LOW-HIGH
213,0.01,1.0,CF-ILD,CF-ILD,1,0.009699999999999995,books,1,True,LOW-HIGH
215,0.0,0.9,CB-ILD,CB-ILD,1,0.5016999999999999,books,0,True,LOW-HIGH
215,0.9,1.0,CB-ILD,CB-ILD,0,0.17770000000000002,books,0,True,HIGH
215,0.0,1.0,CB-ILD,CB-ILD,0,0.6281999999999999,books,0,True,LOW-HIGH
212,0.25,0.9,CB-ILD,CB-ILD,0,0.4901,books,0,True,MIDDLE-HIGH
212,0.25,0.5,CB-ILD,CB-ILD,0,0.4426,books,0,True,MIDDLE
212,0.5,0.9,CB-ILD,CB-ILD,1,0.4525,books,0,True,MIDDLE-HIGH
215,0.25,0.99,CB-ILD,CB-ILD,1,0.11929999999999996,books,1,True,MIDDLE-HIGH
215,0.5,0.99,CB-ILD,CB-ILD,1,0.017800000000000003,books,1,True,MIDDLE-HIGH
215,0.25,0.5,CB-ILD,CB-ILD,0,0.10329999999999996,books,1,True,MIDDLE
212,0.99,1.0,CB-ILD,CB-ILD,1,0.2385,books,1,True,HIGH
212,0.1,0.99,CB-ILD,CB-ILD,1,0.2329,books,1,True,LOW-HIGH
212,0.1,1.0,CB-ILD,CB-ILD,1,0.010599999999999995,books,1,True,LOW-HIGH
219,0.75,1.0,CB-ILD,CB-ILD,0,0.27449999999999997,books,0,True,MIDDLE-HIGH
219,0.1,0.75,CB-ILD,CB-ILD,1,0.05049999999999999,books,0,True,LOW-MIDDLE
219,0.1,1.0,CB-ILD,CB-ILD,1,0.23679999999999998,books,0,True,LOW-HIGH
219,0.5,0.9,CB-ILD,CB-ILD,0,0.986,books,1,True,MIDDLE-HIGH
219,0.9,0.99,CB-ILD,CB-ILD,1,0.9953,books,1,True,HIGH
219,0.5,0.99,CB-ILD,CB-ILD,0,0.43249999999999994,books,1,True,MIDDLE-HIGH
220,0.0,0.75,CF-ILD,CF-ILD,1,0.10600000000000001,books,0,True,LOW-MIDDLE
220,0.5,0.75,CF-ILD,CF-ILD,0,0.2393,books,0,True,MIDDLE
220,0.0,0.5,CF-ILD,CF-ILD,1,0.14049999999999999,books,0,True,LOW-MIDDLE
220,0.01,0.99,CF-ILD,CF-ILD,0,1.4791999999999998,books,1,True,LOW-HIGH
220,0.1,0.99,CF-ILD,CF-ILD,0,0.8484999999999999,books,1,True,LOW-HIGH
220,0.01,0.1,CF-ILD,CF-ILD,0,0.8484999999999999,books,1,True,LOW
224,0.5,0.9,BIN-DIV,BIN-DIV,1,0.3656,books,0,True,MIDDLE-HIGH
224,0.5,0.75,BIN-DIV,BIN-DIV,1,0.6596,books,0,True,MIDDLE
224,0.75,0.9,BIN-DIV,BIN-DIV,1,0.5252,books,0,True,MIDDLE-HIGH
224,0.0,1.0,BIN-DIV,BIN-DIV,1,0.2617,books,1,True,LOW-HIGH
224,0.99,1.0,BIN-DIV,BIN-DIV,0,0.2626,books,1,True,HIGH
224,0.0,0.99,BIN-DIV,BIN-DIV,1,0.004100000000000005,books,1,True,LOW-HIGH
223,0.5,1.0,BIN-DIV,BIN-DIV,0,1.0576,books,0,True,MIDDLE-HIGH
223,0.9,1.0,BIN-DIV,BIN-DIV,0,1.1156,books,0,True,HIGH
223,0.5,0.9,BIN-DIV,BIN-DIV,1,0.17319999999999997,books,0,True,MIDDLE-HIGH
223,0.0,0.75,BIN-DIV,BIN-DIV,0,1.5041,books,1,True,LOW-MIDDLE
223,0.75,0.99,BIN-DIV,BIN-DIV,1,0.9265999999999999,books,1,True,MIDDLE-HIGH
223,0.0,0.99,BIN-DIV,BIN-DIV,0,1.4224999999999999,books,1,True,LOW-HIGH
225,0.1,0.25,CB-ILD,CB-ILD,1,0.8500000000000001,books,0,True,LOW-MIDDLE
225,0.0,0.1,CB-ILD,CB-ILD,1,0.5684000000000001,books,0,True,LOW
225,0.0,0.25,CB-ILD,CB-ILD,1,0.4384,books,0,True,LOW-MIDDLE
225,0.01,0.75,CB-ILD,CB-ILD,1,0.0898,books,1,True,LOW-MIDDLE
225,0.75,0.9,CB-ILD,CB-ILD,1,0.026899999999999997,books,1,True,MIDDLE-HIGH
225,0.01,0.9,CB-ILD,CB-ILD,1,0.0829,books,1,True,LOW-HIGH
227,0.25,0.75,BIN-DIV,BIN-DIV,0,0.288,books,0,True,MIDDLE
227,0.25,1.0,BIN-DIV,BIN-DIV,0,0.9411999999999999,books,0,True,MIDDLE-HIGH
227,0.75,1.0,BIN-DIV,BIN-DIV,0,1.1139999999999999,books,0,True,MIDDLE-HIGH
227,0.9,0.99,BIN-DIV,BIN-DIV,1,0.9197,books,1,True,HIGH
227,0.1,0.99,BIN-DIV,BIN-DIV,1,0.3821,books,1,True,LOW-HIGH
227,0.1,0.9,BIN-DIV,BIN-DIV,1,0.5576,books,1,True,LOW-HIGH
228,0.1,0.99,CF-ILD,CF-ILD,0,0.6178,books,0,True,LOW-HIGH
228,0.99,1.0,CF-ILD,CF-ILD,1,0.41650000000000004,books,0,True,HIGH
228,0.1,1.0,CF-ILD,CF-ILD,1,0.2405,books,0,True,LOW-HIGH
228,0.0,0.25,CF-ILD,CF-ILD,1,0.24649999999999997,books,1,True,LOW-MIDDLE
228,0.25,0.75,CF-ILD,CF-ILD,0,0.22599999999999998,books,1,True,MIDDLE
228,0.0,0.75,CF-ILD,CF-ILD,1,0.08530000000000001,books,1,True,LOW-MIDDLE
230,0.01,1.0,CB-ILD,CB-ILD,1,0.15250000000000002,books,0,True,LOW-HIGH
230,0.01,0.1,CB-ILD,CB-ILD,1,0.11599999999999998,books,0,True,LOW
230,0.1,1.0,CB-ILD,CB-ILD,1,0.2677,books,0,True,LOW-HIGH
229,0.1,1.0,BIN-DIV,BIN-DIV,0,1.1024,books,0,True,LOW-HIGH
229,0.01,1.0,BIN-DIV,BIN-DIV,0,0.6927999999999999,books,0,True,LOW-HIGH
229,0.01,0.1,BIN-DIV,BIN-DIV,1,0.8704000000000001,books,0,True,LOW
229,0.25,0.75,BIN-DIV,BIN-DIV,0,0.4682,books,1,True,MIDDLE
229,0.5,0.75,BIN-DIV,BIN-DIV,0,0.1537,books,1,True,MIDDLE
229,0.25,0.5,BIN-DIV,BIN-DIV,0,0.42969999999999997,books,1,True,MIDDLE
230,0.75,0.9,CB-ILD,CB-ILD,1,0.016400000000000005,books,1,True,MIDDLE-HIGH
230,0.5,0.9,CB-ILD,CB-ILD,1,0.028900000000000016,books,1,True,MIDDLE-HIGH
230,0.5,0.75,CB-ILD,CB-ILD,0,0.0325,books,1,True,MIDDLE
231,0.25,1.0,BIN-DIV,BIN-DIV,0,1.5426,books,0,True,MIDDLE-HIGH
231,0.75,1.0,BIN-DIV,BIN-DIV,0,1.5276999999999998,books,0,True,MIDDLE-HIGH
231,0.25,0.75,BIN-DIV,BIN-DIV,0,1.1101,books,0,True,MIDDLE
233,0.0,0.5,BIN-DIV,BIN-DIV,0,1.0784,books,0,True,LOW-MIDDLE
233,0.0,0.75,BIN-DIV,BIN-DIV,0,1.2809,books,0,True,LOW-MIDDLE
233,0.5,0.75,BIN-DIV,BIN-DIV,0,0.35930000000000006,books,0,True,MIDDLE
231,0.1,0.5,BIN-DIV,BIN-DIV,0,0.3785,books,1,True,LOW-MIDDLE
231,0.0,0.1,BIN-DIV,BIN-DIV,1,0.3722,books,1,True,LOW
231,0.0,0.5,BIN-DIV,BIN-DIV,1,0.006500000000000003,books,1,True,LOW-MIDDLE
233,0.9,0.99,BIN-DIV,BIN-DIV,0,1.0625,books,1,True,HIGH
233,0.01,0.9,BIN-DIV,BIN-DIV,0,1.0625,books,1,True,LOW-HIGH
233,0.01,0.99,BIN-DIV,BIN-DIV,0,1.805,books,1,True,LOW-HIGH
232,0.0,0.01,CB-ILD,CB-ILD,0,0.068,books,0,True,LOW
232,0.01,0.75,CB-ILD,CB-ILD,1,0.0629,books,0,True,LOW-MIDDLE
232,0.0,0.75,CB-ILD,CB-ILD,1,0.1301,books,0,True,LOW-MIDDLE
232,0.25,0.5,CB-ILD,CB-ILD,0,0.14170000000000002,books,1,True,MIDDLE
232,0.5,0.9,CB-ILD,CB-ILD,1,0.072,books,1,True,MIDDLE-HIGH
232,0.25,0.9,CB-ILD,CB-ILD,1,0.09850000000000002,books,1,True,MIDDLE-HIGH
235,0.1,0.75,CB-ILD,CB-ILD,0,0.6339999999999999,books,0,True,LOW-MIDDLE
235,0.75,0.9,CB-ILD,CB-ILD,1,0.544,books,0,True,MIDDLE-HIGH
235,0.1,0.9,CB-ILD,CB-ILD,1,0.1412,books,0,True,LOW-HIGH
235,0.01,1.0,CB-ILD,CB-ILD,1,0.1637,books,1,True,LOW-HIGH
235,0.25,1.0,CB-ILD,CB-ILD,1,0.116,books,1,True,MIDDLE-HIGH
235,0.01,0.25,CB-ILD,CB-ILD,0,0.14450000000000002,books,1,True,LOW-MIDDLE
234,0.75,0.99,BIN-DIV,BIN-DIV,1,0.05539999999999999,books,0,True,MIDDLE-HIGH
234,0.25,0.99,BIN-DIV,BIN-DIV,1,0.046599999999999996,books,0,True,MIDDLE-HIGH
234,0.25,0.75,BIN-DIV,BIN-DIV,1,0.09699999999999998,books,0,True,MIDDLE
236,0.9,0.99,CB-ILD,CB-ILD,0,1.2937,books,0,True,HIGH
236,0.01,0.99,CB-ILD,CB-ILD,0,1.429,books,0,True,LOW-HIGH
236,0.01,0.9,CB-ILD,CB-ILD,0,0.7625000000000002,books,0,True,LOW-HIGH
234,0.1,0.9,BIN-DIV,BIN-DIV,1,0.05409999999999999,books,1,True,LOW-HIGH
234,0.01,0.9,BIN-DIV,BIN-DIV,1,0.010899999999999995,books,1,True,LOW-HIGH
234,0.01,0.1,BIN-DIV,BIN-DIV,1,0.04499999999999999,books,1,True,LOW
236,0.0,0.1,CB-ILD,CB-ILD,0,0.7225999999999999,books,1,True,LOW
236,0.0,0.75,CB-ILD,CB-ILD,0,0.7800999999999999,books,1,True,LOW-MIDDLE
236,0.1,0.75,CB-ILD,CB-ILD,1,0.0577,books,1,True,LOW-MIDDLE
238,0.01,0.5,BIN-DIV,BIN-DIV,1,0.008500000000000002,books,0,True,LOW-MIDDLE
238,0.5,1.0,BIN-DIV,BIN-DIV,1,0.002900000000000005,books,0,True,MIDDLE-HIGH
238,0.01,1.0,BIN-DIV,BIN-DIV,1,0.010600000000000005,books,0,True,LOW-HIGH
238,0.25,0.99,BIN-DIV,BIN-DIV,1,0.1313,books,1,True,MIDDLE-HIGH
238,0.0,0.99,BIN-DIV,BIN-DIV,1,0.05539999999999999,books,1,True,LOW-HIGH
238,0.0,0.25,BIN-DIV,BIN-DIV,1,0.08090000000000001,books,1,True,LOW-MIDDLE
239,0.1,0.9,BIN-DIV,BIN-DIV,0,0.6562,books,0,True,LOW-HIGH
239,0.1,0.99,BIN-DIV,BIN-DIV,0,0.7921000000000001,books,0,True,LOW-HIGH
239,0.9,0.99,BIN-DIV,BIN-DIV,1,1.1441000000000001,books,0,True,HIGH
239,0.75,1.0,BIN-DIV,BIN-DIV,1,0.2525,books,1,True,MIDDLE-HIGH
239,0.01,0.75,BIN-DIV,BIN-DIV,1,0.1949,books,1,True,LOW-MIDDLE
239,0.01,1.0,BIN-DIV,BIN-DIV,1,0.0776,books,1,True,LOW-HIGH
243,0.0,0.99,CB-ILD,CB-ILD,1,0.1658,books,0,True,LOW-HIGH
243,0.25,0.99,CB-ILD,CB-ILD,0,0.5725,books,0,True,MIDDLE-HIGH
243,0.0,0.25,CB-ILD,CB-ILD,1,0.4645,books,0,True,LOW-MIDDLE
243,0.01,0.1,CB-ILD,CB-ILD,1,0.10000000000000003,books,1,True,LOW
243,0.1,0.75,CB-ILD,CB-ILD,1,0.09490000000000001,books,1,True,LOW-MIDDLE
243,0.01,0.75,CB-ILD,CB-ILD,1,0.014899999999999995,books,1,True,LOW-MIDDLE
245,0.01,0.9,CB-ILD,CB-ILD,1,0.011599999999999996,books,0,True,LOW-HIGH
245,0.01,0.1,CB-ILD,CB-ILD,1,0.09160000000000003,books,0,True,LOW
245,0.1,0.9,CB-ILD,CB-ILD,1,0.10000000000000002,books,0,True,LOW-HIGH
245,0.5,0.99,CB-ILD,CB-ILD,1,0.15250000000000002,books,1,True,MIDDLE-HIGH
245,0.25,0.99,CB-ILD,CB-ILD,1,0.0013000000000000023,books,1,True,MIDDLE-HIGH
245,0.25,0.5,CB-ILD,CB-ILD,0,0.15300000000000002,books,1,True,MIDDLE
246,0.25,1.0,CB-ILD,CB-ILD,1,0.026000000000000002,books,0,True,MIDDLE-HIGH
246,0.0,0.25,CB-ILD,CB-ILD,0,0.46120000000000005,books,0,True,LOW-MIDDLE
246,0.0,1.0,CB-ILD,CB-ILD,1,0.43600000000000005,books,0,True,LOW-HIGH
244,0.0,0.75,BIN-DIV,BIN-DIV,1,0.056499999999999995,books,0,True,LOW-MIDDLE
244,0.75,0.9,BIN-DIV,BIN-DIV,0,0.20840000000000003,books,0,True,MIDDLE-HIGH
244,0.0,0.9,BIN-DIV,BIN-DIV,1,0.16810000000000003,books,0,True,LOW-HIGH
246,0.75,0.9,CB-ILD,CB-ILD,1,0.9028,books,1,True,MIDDLE-HIGH
246,0.1,0.9,CB-ILD,CB-ILD,0,0.5693,books,1,True,LOW-HIGH
246,0.1,0.75,CB-ILD,CB-ILD,0,0.7033,books,1,True,LOW-MIDDLE
244,0.01,0.1,BIN-DIV,BIN-DIV,1,0.10899999999999997,books,1,True,LOW
244,0.01,0.99,BIN-DIV,BIN-DIV,1,0.006499999999999994,books,1,True,LOW-HIGH
244,0.1,0.99,BIN-DIV,BIN-DIV,1,0.11529999999999996,books,1,True,LOW-HIGH
248,0.0,0.9,BIN-DIV,BIN-DIV,1,0.10930000000000005,books,0,True,LOW-HIGH
248,0.0,0.25,BIN-DIV,BIN-DIV,1,0.0019999999999999983,books,0,True,LOW-MIDDLE
248,0.25,0.9,BIN-DIV,BIN-DIV,1,0.11050000000000006,books,0,True,MIDDLE-HIGH
248,0.5,0.99,BIN-DIV,BIN-DIV,1,0.7203999999999999,books,1,True,MIDDLE-HIGH
248,0.5,1.0,BIN-DIV,BIN-DIV,1,0.4153,books,1,True,MIDDLE-HIGH
248,0.99,1.0,BIN-DIV,BIN-DIV,1,0.6748999999999999,books,1,True,HIGH
249,0.5,0.9,CF-ILD,CF-ILD,1,0.6344000000000001,books,0,True,MIDDLE-HIGH
249,0.0,0.5,CF-ILD,CF-ILD,0,0.7124000000000001,books,0,True,LOW-MIDDLE
249,0.0,0.9,CF-ILD,CF-ILD,0,0.8468000000000001,books,0,True,LOW-HIGH
249,0.25,1.0,CF-ILD,CF-ILD,0,1.0009,books,1,True,MIDDLE-HIGH
249,0.01,0.25,CF-ILD,CF-ILD,0,0.31449999999999995,books,1,True,LOW-MIDDLE
249,0.01,1.0,CF-ILD,CF-ILD,0,1.3135999999999999,books,1,True,LOW-HIGH
254,0.1,0.5,BIN-DIV,BIN-DIV,1,0.005000000000000001,books,0,True,LOW-MIDDLE
254,0.1,1.0,BIN-DIV,BIN-DIV,1,0.005800000000000002,books,0,True,LOW-HIGH
254,0.5,1.0,BIN-DIV,BIN-DIV,1,0.0010000000000000018,books,0,True,MIDDLE-HIGH
254,0.01,0.25,BIN-DIV,BIN-DIV,1,0.712,books,1,True,LOW-MIDDLE
254,0.0,0.01,BIN-DIV,BIN-DIV,1,0.1961,books,1,True,LOW
254,0.0,0.25,BIN-DIV,BIN-DIV,1,0.5208999999999999,books,1,True,LOW-MIDDLE
251,0.75,0.9,CB-ILD,CB-ILD,1,1.0249000000000001,books,0,True,MIDDLE-HIGH
251,0.0,0.75,CB-ILD,CB-ILD,0,0.765,books,0,True,LOW-MIDDLE
251,0.0,0.9,CB-ILD,CB-ILD,0,0.6649,books,0,True,LOW-HIGH
253,0.25,0.75,CF-ILD,CF-ILD,1,0.06500000000000002,books,0,True,MIDDLE
253,0.0,0.75,CF-ILD,CF-ILD,1,0.2138,books,0,True,LOW-MIDDLE
253,0.0,0.25,CF-ILD,CF-ILD,0,0.22099999999999997,books,0,True,LOW-MIDDLE
251,0.1,0.25,CB-ILD,CB-ILD,0,0.0769,books,1,True,LOW-MIDDLE
251,0.1,1.0,CB-ILD,CB-ILD,1,0.2545,books,1,True,LOW-HIGH
251,0.25,1.0,CB-ILD,CB-ILD,1,0.3026,books,1,True,MIDDLE-HIGH
253,0.01,0.1,CF-ILD,CF-ILD,1,0.15460000000000002,books,1,True,LOW
253,0.1,0.99,CF-ILD,CF-ILD,1,0.157,books,1,True,LOW-HIGH
253,0.01,0.99,CF-ILD,CF-ILD,1,0.0073999999999999925,books,1,True,LOW-HIGH
252,0.01,1.0,BIN-DIV,BIN-DIV,1,0.1469,books,0,True,LOW-HIGH
252,0.99,1.0,BIN-DIV,BIN-DIV,0,0.004100000000000007,books,0,True,HIGH
252,0.01,0.99,BIN-DIV,BIN-DIV,1,0.146,books,0,True,LOW-HIGH
252,0.0,0.5,BIN-DIV,BIN-DIV,1,0.1565,books,1,True,LOW-MIDDLE
252,0.5,0.9,BIN-DIV,BIN-DIV,0,0.22100000000000003,books,1,True,MIDDLE-HIGH
252,0.0,0.9,BIN-DIV,BIN-DIV,1,0.10370000000000003,books,1,True,LOW-HIGH
256,0.0,0.9,CB-ILD,CB-ILD,0,1.0125000000000002,books,0,True,LOW-HIGH
256,0.5,0.9,CB-ILD,CB-ILD,0,1.0309,books,0,True,MIDDLE-HIGH
256,0.0,0.5,CB-ILD,CB-ILD,1,0.4234,books,0,True,LOW-MIDDLE
256,0.75,0.99,CB-ILD,CB-ILD,1,0.12289999999999998,books,1,True,MIDDLE-HIGH
256,0.01,0.75,CB-ILD,CB-ILD,1,0.12409999999999999,books,1,True,LOW-MIDDLE
256,0.01,0.99,CB-ILD,CB-ILD,1,0.002000000000000001,books,1,True,LOW-HIGH
259,0.0,0.25,CB-ILD,CB-ILD,1,0.5328999999999999,books,0,True,LOW-MIDDLE
259,0.0,0.99,CB-ILD,CB-ILD,1,0.20249999999999996,books,0,True,LOW-HIGH
259,0.25,0.99,CB-ILD,CB-ILD,0,0.7353999999999998,books,0,True,MIDDLE-HIGH
259,0.1,0.5,CB-ILD,CB-ILD,1,0.42400000000000004,books,1,True,LOW-MIDDLE
259,0.01,0.5,CB-ILD,CB-ILD,1,0.23049999999999998,books,1,True,LOW-MIDDLE
259,0.01,0.1,CB-ILD,CB-ILD,1,0.19370000000000004,books,1,True,LOW
260,0.1,0.99,CB-ILD,CB-ILD,0,0.9594,books,0,True,LOW-HIGH
260,0.01,0.1,CB-ILD,CB-ILD,1,0.7569,books,0,True,LOW
260,0.01,0.99,CB-ILD,CB-ILD,1,0.20249999999999996,books,0,True,LOW-HIGH
260,0.0,1.0,CB-ILD,CB-ILD,0,0.865,books,1,True,LOW-HIGH
260,0.0,0.5,CB-ILD,CB-ILD,0,0.7225,books,1,True,LOW-MIDDLE
260,0.5,1.0,CB-ILD,CB-ILD,1,0.4625000000000001,books,1,True,MIDDLE-HIGH
258,0.25,0.5,BIN-DIV,BIN-DIV,0,0.21319999999999997,books,0,True,MIDDLE
258,0.0,0.25,BIN-DIV,BIN-DIV,1,0.19449999999999998,books,0,True,LOW-MIDDLE
258,0.0,0.5,BIN-DIV,BIN-DIV,1,0.020500000000000004,books,0,True,LOW-MIDDLE
258,0.1,0.9,BIN-DIV,BIN-DIV,1,0.04500000000000003,books,1,True,LOW-HIGH
258,0.01,0.1,BIN-DIV,BIN-DIV,0,0.6569999999999999,books,1,True,LOW
258,0.01,0.9,BIN-DIV,BIN-DIV,0,0.7001999999999999,books,1,True,LOW-HIGH
261,0.9,0.99,CB-ILD,CB-ILD,1,0.7228999999999999,books,0,True,HIGH
261,0.99,1.0,CB-ILD,CB-ILD,0,0.2405,books,0,True,HIGH
261,0.9,1.0,CB-ILD,CB-ILD,1,0.9625999999999999,books,0,True,HIGH
261,0.25,0.75,CB-ILD,CB-ILD,1,0.05,books,1,True,MIDDLE
261,0.0,0.25,CB-ILD,CB-ILD,1,0.05210000000000001,books,1,True,LOW-MIDDLE
261,0.0,0.75,CB-ILD,CB-ILD,1,0.022099999999999995,books,1,True,LOW-MIDDLE
262,0.0,0.9,CB-ILD,CB-ILD,1,0.0005000000000000002,books,0,True,LOW-HIGH
262,0.0,0.25,CB-ILD,CB-ILD,1,0.032799999999999996,books,0,True,LOW-MIDDLE
262,0.25,0.9,CB-ILD,CB-ILD,1,0.0325,books,0,True,MIDDLE-HIGH
263,0.1,0.25,CB-ILD,CB-ILD,1,0.6784,books,0,True,LOW-MIDDLE
263,0.25,0.9,CB-ILD,CB-ILD,0,1.0659999999999998,books,0,True,MIDDLE-HIGH
263,0.1,0.9,CB-ILD,CB-ILD,0,0.7076,books,0,True,LOW-HIGH
262,0.01,0.99,CB-ILD,CB-ILD,1,0.19889999999999997,books,1,True,LOW-HIGH
262,0.01,0.1,CB-ILD,CB-ILD,0,0.17649999999999996,books,1,True,LOW
262,0.1,0.99,CB-ILD,CB-ILD,1,0.022600000000000006,books,1,True,LOW-HIGH
263,0.0,0.99,CB-ILD,CB-ILD,1,0.30600000000000005,books,1,True,LOW-HIGH
263,0.01,0.99,CB-ILD,CB-ILD,0,0.6525,books,1,True,LOW-HIGH
263,0.0,0.01,CB-ILD,CB-ILD,1,0.6056999999999999,books,1,True,LOW
265,0.25,0.75,CB-ILD,CB-ILD,1,0.241,books,0,True,MIDDLE
265,0.01,0.25,CB-ILD,CB-ILD,1,0.24369999999999997,books,0,True,LOW-MIDDLE
265,0.01,0.75,CB-ILD,CB-ILD,1,0.004500000000000002,books,0,True,LOW-MIDDLE
265,0.9,0.99,CB-ILD,CB-ILD,1,1.0666,books,1,True,HIGH
265,0.99,1.0,CB-ILD,CB-ILD,1,0.6890000000000001,books,1,True,HIGH
265,0.9,1.0,CB-ILD,CB-ILD,1,0.7474000000000001,books,1,True,HIGH
264,0.5,0.75,CB-ILD,CB-ILD,1,0.16399999999999998,books,0,True,MIDDLE
264,0.1,0.75,CB-ILD,CB-ILD,1,0.2693,books,0,True,LOW-MIDDLE
264,0.1,0.5,CB-ILD,CB-ILD,1,0.33649999999999997,books,0,True,LOW-MIDDLE
264,0.0,0.9,CB-ILD,CB-ILD,0,0.4338,books,1,True,LOW-HIGH
264,0.25,0.9,CB-ILD,CB-ILD,0,0.6273,books,1,True,MIDDLE-HIGH
264,0.0,0.25,CB-ILD,CB-ILD,1,0.8432999999999999,books,1,True,LOW-MIDDLE
266,0.99,1.0,CF-ILD,CF-ILD,1,1.0441,books,0,True,HIGH
266,0.9,1.0,CF-ILD,CF-ILD,1,0.4589000000000001,books,0,True,HIGH
266,0.9,0.99,CF-ILD,CF-ILD,0,1.258,books,0,True,HIGH
266,0.1,0.5,CF-ILD,CF-ILD,0,0.6401000000000001,books,1,True,LOW-MIDDLE
266,0.0,0.1,CF-ILD,CF-ILD,1,0.6625000000000001,books,1,True,LOW
266,0.0,0.5,CF-ILD,CF-ILD,1,0.0226,books,1,True,LOW-MIDDLE
270,0.75,1.0,BIN-DIV,BIN-DIV,1,0.49809999999999993,books,0,True,MIDDLE-HIGH
270,0.75,0.99,BIN-DIV,BIN-DIV,1,0.7203999999999999,books,0,True,MIDDLE-HIGH
270,0.99,1.0,BIN-DIV,BIN-DIV,1,0.2385,books,0,True,HIGH
270,0.0,0.5,BIN-DIV,BIN-DIV,0,0.31210000000000004,books,1,True,LOW-MIDDLE
270,0.0,0.9,BIN-DIV,BIN-DIV,1,0.20840000000000003,books,1,True,LOW-HIGH
270,0.5,0.9,BIN-DIV,BIN-DIV,1,0.2005,books,1,True,MIDDLE-HIGH
272,0.25,0.99,BIN-DIV,BIN-DIV,1,0.2834,books,0,True,MIDDLE-HIGH
272,0.25,0.9,BIN-DIV,BIN-DIV,1,0.5114000000000001,books,0,True,MIDDLE-HIGH
272,0.9,0.99,BIN-DIV,BIN-DIV,1,0.6698000000000001,books,0,True,HIGH
272,0.0,1.0,BIN-DIV,BIN-DIV,1,0.5929,books,1,True,LOW-HIGH
272,0.0,0.1,BIN-DIV,BIN-DIV,1,0.1296,books,1,True,LOW
272,0.1,1.0,BIN-DIV,BIN-DIV,0,0.7224999999999999,books,1,True,LOW-HIGH
275,0.01,0.75,CF-ILD,CF-ILD,0,1.5229,books,0,True,LOW-MIDDLE
275,0.25,0.75,CF-ILD,CF-ILD,0,0.5949,books,0,True,MIDDLE
275,0.01,0.25,CF-ILD,CF-ILD,0,0.9927999999999999,books,0,True,LOW-MIDDLE
275,0.0,0.99,CF-ILD,CF-ILD,1,0.173,books,1,True,LOW-HIGH
275,0.0,0.1,CF-ILD,CF-ILD,0,0.1469,books,1,True,LOW
275,0.1,0.99,CF-ILD,CF-ILD,1,0.04609999999999998,books,1,True,LOW-HIGH
271,0.01,0.99,CB-ILD,CB-ILD,1,0.5626,books,0,True,LOW-HIGH
271,0.01,0.25,CB-ILD,CB-ILD,1,0.17650000000000002,books,0,True,LOW-MIDDLE
271,0.25,0.99,CB-ILD,CB-ILD,0,0.7389,books,0,True,MIDDLE-HIGH
274,0.1,1.0,CB-ILD,CB-ILD,1,0.18980000000000002,books,0,True,LOW-HIGH
274,0.1,0.99,CB-ILD,CB-ILD,1,0.4809999999999999,books,0,True,LOW-HIGH
274,0.99,1.0,CB-ILD,CB-ILD,1,0.6609999999999999,books,0,True,HIGH
271,0.0,1.0,CB-ILD,CB-ILD,1,0.08090000000000001,books,1,True,LOW-HIGH
271,0.0,0.5,CB-ILD,CB-ILD,1,0.028099999999999993,books,1,True,LOW-MIDDLE
271,0.5,1.0,CB-ILD,CB-ILD,1,0.10400000000000001,books,1,True,MIDDLE-HIGH
274,0.75,0.9,CB-ILD,CB-ILD,0,0.8005000000000001,books,1,True,MIDDLE-HIGH
274,0.0,0.9,CB-ILD,CB-ILD,0,1.0657,books,1,True,LOW-HIGH
274,0.0,0.75,CB-ILD,CB-ILD,0,0.554,books,1,True,LOW-MIDDLE
273,0.25,0.5,BIN-DIV,BIN-DIV,0,0.5634,books,0,True,MIDDLE
273,0.25,0.75,BIN-DIV,BIN-DIV,0,1.0249,books,0,True,MIDDLE
273,0.5,0.75,BIN-DIV,BIN-DIV,0,0.46329999999999993,books,0,True,MIDDLE
273,0.0,1.0,BIN-DIV,BIN-DIV,0,1.7485,books,1,True,LOW-HIGH
273,0.1,1.0,BIN-DIV,BIN-DIV,0,1.0017999999999998,books,1,True,LOW-HIGH
273,0.0,0.1,BIN-DIV,BIN-DIV,0,1.0205,books,1,True,LOW
277,0.1,0.9,CB-ILD,CB-ILD,1,0.09490000000000001,books,0,True,LOW-HIGH
277,0.75,0.9,CB-ILD,CB-ILD,1,0.5674,books,0,True,MIDDLE-HIGH
277,0.1,0.75,CB-ILD,CB-ILD,0,0.6525000000000001,books,0,True,LOW-MIDDLE
276,0.1,0.25,BIN-DIV,BIN-DIV,0,0.14019999999999996,books,0,True,LOW-MIDDLE
276,0.25,0.99,BIN-DIV,BIN-DIV,1,0.046599999999999996,books,0,True,MIDDLE-HIGH
276,0.1,0.99,BIN-DIV,BIN-DIV,1,0.09859999999999997,books,0,True,LOW-HIGH
276,0.5,0.9,BIN-DIV,BIN-DIV,0,0.7651999999999999,books,1,True,MIDDLE-HIGH
276,0.01,0.9,BIN-DIV,BIN-DIV,0,1.6044999999999998,books,1,True,LOW-HIGH
276,0.01,0.5,BIN-DIV,BIN-DIV,0,0.8904999999999998,books,1,True,LOW-MIDDLE
277,0.0,0.99,CB-ILD,CB-ILD,1,0.5041,books,1,True,LOW-HIGH
277,0.0,1.0,CB-ILD,CB-ILD,1,0.008099999999999994,books,1,True,LOW-HIGH
277,0.99,1.0,CB-ILD,CB-ILD,1,0.5122,books,1,True,HIGH
279,0.0,0.1,CF-ILD,CF-ILD,1,0.1522,books,0,True,LOW
279,0.1,0.5,CF-ILD,CF-ILD,1,0.373,books,0,True,LOW-MIDDLE
279,0.0,0.5,CF-ILD,CF-ILD,1,0.22099999999999997,books,0,True,LOW-MIDDLE
279,0.75,1.0,CF-ILD,CF-ILD,1,0.0685,books,1,True,MIDDLE-HIGH
279,0.75,0.99,CF-ILD,CF-ILD,0,1.028,books,1,True,MIDDLE-HIGH
279,0.99,1.0,CF-ILD,CF-ILD,1,0.9612999999999999,books,1,True,HIGH
281,0.25,1.0,CB-ILD,CB-ILD,1,0.3425,books,0,True,MIDDLE-HIGH
281,0.75,1.0,CB-ILD,CB-ILD,0,0.35090000000000005,books,0,True,MIDDLE-HIGH
281,0.25,0.75,CB-ILD,CB-ILD,1,0.0884,books,0,True,MIDDLE
281,0.01,0.1,CB-ILD,CB-ILD,1,0.16970000000000002,books,1,True,LOW
281,0.1,0.9,CB-ILD,CB-ILD,1,0.16820000000000002,books,1,True,LOW-HIGH
281,0.01,0.9,CB-ILD,CB-ILD,1,0.0017000000000000003,books,1,True,LOW-HIGH
280,0.99,1.0,CB-ILD,CB-ILD,1,1.1488999999999998,books,0,True,HIGH
280,0.1,0.99,CB-ILD,CB-ILD,0,1.4392999999999998,books,0,True,LOW-HIGH
280,0.1,1.0,CB-ILD,CB-ILD,0,0.8954,books,0,True,LOW-HIGH
280,0.01,0.75,CB-ILD,CB-ILD,0,1.202,books,1,True,LOW-MIDDLE
280,0.25,0.75,CB-ILD,CB-ILD,0,0.5024,books,1,True,MIDDLE
280,0.01,0.25,CB-ILD,CB-ILD,0,0.7796,books,1,True,LOW-MIDDLE
284,0.1,0.9,BIN-DIV,BIN-DIV,1,0.3785000000000001,books,0,True,LOW-HIGH
284,0.0,0.1,BIN-DIV,BIN-DIV,0,0.5992999999999999,books,0,True,LOW
284,0.0,0.9,BIN-DIV,BIN-DIV,0,0.9650000000000001,books,0,True,LOW-HIGH
282,0.0,0.25,BIN-DIV,BIN-DIV,1,0.059199999999999996,books,0,True,LOW-MIDDLE
282,0.25,0.75,BIN-DIV,BIN-DIV,1,0.09369999999999998,books,0,True,MIDDLE
282,0.0,0.75,BIN-DIV,BIN-DIV,1,0.03769999999999998,books,0,True,LOW-MIDDLE
284,0.01,0.5,BIN-DIV,BIN-DIV,1,0.0233,books,1,True,LOW-MIDDLE
284,0.01,0.75,BIN-DIV,BIN-DIV,1,0.1585,books,1,True,LOW-MIDDLE
284,0.5,0.75,BIN-DIV,BIN-DIV,0,0.169,books,1,True,MIDDLE
282,0.5,0.9,BIN-DIV,BIN-DIV,0,0.8177000000000001,books,1,True,MIDDLE-HIGH
282,0.1,0.9,BIN-DIV,BIN-DIV,0,0.7762000000000001,books,1,True,LOW-HIGH
282,0.1,0.5,BIN-DIV,BIN-DIV,1,0.3457,books,1,True,LOW-MIDDLE
285,0.0,0.01,CB-ILD,CB-ILD,0,0.19999999999999998,books,0,True,LOW
285,0.01,0.75,CB-ILD,CB-ILD,1,0.03530000000000001,books,0,True,LOW-MIDDLE
285,0.0,0.75,CB-ILD,CB-ILD,1,0.2225,books,0,True,LOW-MIDDLE
285,0.1,0.9,CB-ILD,CB-ILD,1,0.005300000000000002,books,1,True,LOW-HIGH
285,0.5,0.9,CB-ILD,CB-ILD,1,0.0005000000000000009,books,1,True,MIDDLE-HIGH
285,0.1,0.5,CB-ILD,CB-ILD,1,0.005000000000000001,books,1,True,LOW-MIDDLE
290,0.1,0.5,CF-ILD,CF-ILD,0,0.7618,books,0,True,LOW-MIDDLE
290,0.01,0.5,CF-ILD,CF-ILD,1,0.014899999999999995,books,0,True,LOW-MIDDLE
290,0.01,0.1,CF-ILD,CF-ILD,1,0.7669,books,0,True,LOW
290,0.99,1.0,CF-ILD,CF-ILD,1,0.8916999999999999,books,1,True,HIGH
290,0.25,0.99,CF-ILD,CF-ILD,0,0.9236,books,1,True,MIDDLE-HIGH
290,0.25,1.0,CF-ILD,CF-ILD,1,0.048100000000000004,books,1,True,MIDDLE-HIGH
288,0.75,1.0,BIN-DIV,BIN-DIV,1,0.0634,books,0,True,MIDDLE-HIGH
288,0.01,0.75,BIN-DIV,BIN-DIV,1,0.0626,books,0,True,LOW-MIDDLE
288,0.01,1.0,BIN-DIV,BIN-DIV,1,0.0010000000000000015,books,0,True,LOW-HIGH
287,0.01,0.99,BIN-DIV,BIN-DIV,1,0.0010000000000000015,books,0,True,LOW-HIGH
287,0.75,0.99,BIN-DIV,BIN-DIV,1,0.0013000000000000023,books,0,True,MIDDLE-HIGH
287,0.01,0.75,BIN-DIV,BIN-DIV,1,0.0005000000000000008,books,0,True,LOW-MIDDLE
287,0.5,0.9,BIN-DIV,BIN-DIV,1,0.3208,books,1,True,MIDDLE-HIGH
287,0.25,0.5,BIN-DIV,BIN-DIV,0,0.6805,books,1,True,MIDDLE
287,0.25,0.9,BIN-DIV,BIN-DIV,0,0.6485,books,1,True,MIDDLE-HIGH
288,0.0,0.9,BIN-DIV,BIN-DIV,1,0.24650000000000005,books,1,True,LOW-HIGH
288,0.0,0.5,BIN-DIV,BIN-DIV,1,0.06559999999999998,books,1,True,LOW-MIDDLE
288,0.5,0.9,BIN-DIV,BIN-DIV,0,0.2609,books,1,True,MIDDLE-HIGH
289,0.9,1.0,CB-ILD,CB-ILD,1,0.22500000000000003,books,0,True,HIGH
289,0.5,0.9,CB-ILD,CB-ILD,1,0.405,books,0,True,MIDDLE-HIGH
289,0.5,1.0,CB-ILD,CB-ILD,1,0.22500000000000003,books,0,True,MIDDLE-HIGH
289,0.0,0.99,CB-ILD,CB-ILD,1,0.17890000000000003,books,1,True,LOW-HIGH
289,0.0,0.25,CB-ILD,CB-ILD,1,0.003400000000000002,books,1,True,LOW-MIDDLE
289,0.25,0.99,CB-ILD,CB-ILD,1,0.17730000000000004,books,1,True,MIDDLE-HIGH
291,0.75,0.99,BIN-DIV,BIN-DIV,1,1.4066,books,0,True,MIDDLE-HIGH
291,0.0,0.75,BIN-DIV,BIN-DIV,0,0.8641,books,0,True,LOW-MIDDLE
291,0.0,0.99,BIN-DIV,BIN-DIV,0,1.2625,books,0,True,LOW-HIGH
291,0.9,1.0,BIN-DIV,BIN-DIV,1,1.6612,books,1,True,HIGH
291,0.01,0.9,BIN-DIV,BIN-DIV,0,1.3172,books,1,True,LOW-HIGH
291,0.01,1.0,BIN-DIV,BIN-DIV,0,1.4992,books,1,True,LOW-HIGH
292,0.25,0.99,BIN-DIV,BIN-DIV,1,0.07450000000000001,books,0,True,MIDDLE-HIGH
292,0.01,0.99,BIN-DIV,BIN-DIV,1,0.001600000000000003,books,0,True,LOW-HIGH
292,0.01,0.25,BIN-DIV,BIN-DIV,1,0.0729,books,0,True,LOW-MIDDLE
292,0.0,0.9,BIN-DIV,BIN-DIV,0,1.7722,books,1,True,LOW-HIGH
292,0.9,1.0,BIN-DIV,BIN-DIV,1,1.2682,books,1,True,HIGH
292,0.0,1.0,BIN-DIV,BIN-DIV,0,1.4562,books,1,True,LOW-HIGH
293,0.1,0.75,BIN-DIV,BIN-DIV,0,1.2821,books,0,True,LOW-MIDDLE
293,0.75,0.99,BIN-DIV,BIN-DIV,1,1.3736,books,0,True,MIDDLE-HIGH
293,0.1,0.99,BIN-DIV,BIN-DIV,0,1.6757,books,0,True,LOW-HIGH
293,0.5,0.9,BIN-DIV,BIN-DIV,1,0.018,books,1,True,MIDDLE-HIGH
293,0.0,0.5,BIN-DIV,BIN-DIV,1,0.052,books,1,True,LOW-MIDDLE
293,0.0,0.9,BIN-DIV,BIN-DIV,1,0.0628,books,1,True,LOW-HIGH
294,0.5,0.99,BIN-DIV,BIN-DIV,0,0.2938,books,0,True,MIDDLE-HIGH
294,0.01,0.5,BIN-DIV,BIN-DIV,1,0.23779999999999998,books,0,True,LOW-MIDDLE
294,0.01,0.99,BIN-DIV,BIN-DIV,1,0.0898,books,0,True,LOW-HIGH
294,0.1,0.75,BIN-DIV,BIN-DIV,0,0.802,books,1,True,LOW-MIDDLE
294,0.1,1.0,BIN-DIV,BIN-DIV,0,1.556,books,1,True,LOW-HIGH
294,0.75,1.0,BIN-DIV,BIN-DIV,0,1.0131999999999999,books,1,True,MIDDLE-HIGH
295,0.5,0.75,CB-ILD,CB-ILD,1,0.022600000000000006,books,0,True,MIDDLE
295,0.5,0.9,CB-ILD,CB-ILD,0,0.5626,books,0,True,MIDDLE-HIGH
295,0.75,0.9,CB-ILD,CB-ILD,0,0.585,books,0,True,MIDDLE-HIGH
295,0.1,0.99,CB-ILD,CB-ILD,1,0.19300000000000003,books,1,True,LOW-HIGH
295,0.0,0.99,CB-ILD,CB-ILD,1,0.08650000000000001,books,1,True,LOW-HIGH
295,0.0,0.1,CB-ILD,CB-ILD,1,0.26330000000000003,books,1,True,LOW
296,0.25,0.99,CB-ILD,CB-ILD,1,0.053299999999999986,books,0,True,MIDDLE-HIGH
296,0.25,0.75,CB-ILD,CB-ILD,0,0.5812999999999999,books,0,True,MIDDLE
296,0.75,0.99,CB-ILD,CB-ILD,1,0.5378,books,0,True,MIDDLE-HIGH
296,0.01,0.1,CB-ILD,CB-ILD,1,0.7848,books,1,True,LOW
296,0.0,0.01,CB-ILD,CB-ILD,1,0.17999999999999997,books,1,True,LOW
296,0.0,0.1,CB-ILD,CB-ILD,1,0.6120000000000001,books,1,True,LOW
299,0.5,1.0,BIN-DIV,BIN-DIV,0,0.797,books,0,True,MIDDLE-HIGH
299,0.25,0.5,BIN-DIV,BIN-DIV,0,0.49489999999999995,books,0,True,MIDDLE
299,0.25,1.0,BIN-DIV,BIN-DIV,0,1.2821,books,0,True,MIDDLE-HIGH
297,0.01,0.9,CF-ILD,CF-ILD,1,0.5045,books,0,True,LOW-HIGH
297,0.01,0.25,CF-ILD,CF-ILD,1,0.28130000000000005,books,0,True,LOW-MIDDLE
297,0.25,0.9,CF-ILD,CF-ILD,0,0.785,books,0,True,MIDDLE-HIGH
297,0.0,1.0,CF-ILD,CF-ILD,1,0.31850000000000006,books,1,True,LOW-HIGH
297,0.99,1.0,CF-ILD,CF-ILD,0,0.6161000000000001,books,1,True,HIGH
297,0.0,0.99,CF-ILD,CF-ILD,1,0.30740000000000006,books,1,True,LOW-HIGH
299,0.0,0.99,BIN-DIV,BIN-DIV,1,0.002500000000000003,books,1,True,LOW-HIGH
299,0.0,0.75,BIN-DIV,BIN-DIV,1,0.0685,books,1,True,LOW-MIDDLE
299,0.75,0.99,BIN-DIV,BIN-DIV,1,0.06920000000000001,books,1,True,MIDDLE-HIGH
300,0.1,0.75,BIN-DIV,BIN-DIV,1,0.0625,books,0,True,LOW-MIDDLE
300,0.5,0.75,BIN-DIV,BIN-DIV,1,0.004999999999999993,books,0,True,MIDDLE
300,0.1,0.5,BIN-DIV,BIN-DIV,1,0.057700000000000015,books,0,True,LOW-MIDDLE
300,0.99,1.0,BIN-DIV,BIN-DIV,1,0.7249999999999999,books,1,True,HIGH
300,0.01,0.99,BIN-DIV,BIN-DIV,0,0.9553999999999998,books,1,True,LOW-HIGH
300,0.01,1.0,BIN-DIV,BIN-DIV,0,0.8353999999999999,books,1,True,LOW-HIGH
298,0.0,0.99,CF-ILD,CF-ILD,1,0.31400000000000006,books,0,True,LOW-HIGH
298,0.0,1.0,CF-ILD,CF-ILD,1,0.008499999999999994,books,0,True,LOW-HIGH
298,0.99,1.0,CF-ILD,CF-ILD,1,0.32170000000000004,books,0,True,HIGH
298,0.25,0.75,CF-ILD,CF-ILD,1,0.1109,books,1,True,MIDDLE
298,0.1,0.75,CF-ILD,CF-ILD,1,0.054799999999999995,books,1,True,LOW-MIDDLE
298,0.1,0.25,CF-ILD,CF-ILD,1,0.0689,books,1,True,LOW-MIDDLE
302,0.01,0.9,CF-ILD,CF-ILD,0,1.0705,books,0,True,LOW-HIGH
302,0.25,0.9,CF-ILD,CF-ILD,0,0.769,books,0,True,MIDDLE-HIGH
302,0.01,0.25,CF-ILD,CF-ILD,0,0.32569999999999993,books,0,True,LOW-MIDDLE
302,0.5,0.75,CF-ILD,CF-ILD,0,0.25610000000000005,books,1,True,MIDDLE
302,0.5,1.0,CF-ILD,CF-ILD,0,1.0249,books,1,True,MIDDLE-HIGH
302,0.75,1.0,CF-ILD,CF-ILD,0,0.9609999999999999,books,1,True,MIDDLE-HIGH
303,0.0,0.1,CB-ILD,CB-ILD,0,0.8605,books,0,True,LOW
303,0.0,0.9,CB-ILD,CB-ILD,0,1.0306000000000002,books,0,True,LOW-HIGH
303,0.1,0.9,CB-ILD,CB-ILD,1,0.23490000000000003,books,0,True,LOW-HIGH
303,0.01,0.99,CB-ILD,CB-ILD,1,0.2146,books,1,True,LOW-HIGH
303,0.99,1.0,CB-ILD,CB-ILD,0,0.8546,books,1,True,HIGH
303,0.01,1.0,CB-ILD,CB-ILD,0,0.9442,books,1,True,LOW-HIGH
304,0.25,1.0,CF-ILD,CF-ILD,1,0.019999999999999997,books,0,True,MIDDLE-HIGH
304,0.01,0.25,CF-ILD,CF-ILD,0,0.16210000000000002,books,0,True,LOW-MIDDLE
304,0.01,1.0,CF-ILD,CF-ILD,1,0.16210000000000002,books,0,True,LOW-HIGH
304,0.75,0.9,CF-ILD,CF-ILD,0,0.6925000000000001,books,1,True,MIDDLE-HIGH
304,0.1,0.75,CF-ILD,CF-ILD,0,0.7261,books,1,True,LOW-MIDDLE
304,0.1,0.9,CF-ILD,CF-ILD,0,1.4114,books,1,True,LOW-HIGH
305,0.1,0.25,CB-ILD,CB-ILD,0,0.1066,books,0,True,LOW-MIDDLE
305,0.1,0.5,CB-ILD,CB-ILD,1,0.058499999999999996,books,0,True,LOW-MIDDLE
305,0.25,0.5,CB-ILD,CB-ILD,1,0.0769,books,0,True,MIDDLE
305,0.99,1.0,CB-ILD,CB-ILD,1,1.4562,books,1,True,HIGH
305,0.75,0.99,CB-ILD,CB-ILD,0,0.9826,books,1,True,MIDDLE-HIGH
305,0.75,1.0,CB-ILD,CB-ILD,0,0.4785999999999999,books,1,True,MIDDLE-HIGH
306,0.0,0.9,BIN-DIV,BIN-DIV,1,0.0010000000000000015,books,0,True,LOW-HIGH
306,0.25,0.9,BIN-DIV,BIN-DIV,1,0.09090000000000002,books,0,True,MIDDLE-HIGH
306,0.0,0.25,BIN-DIV,BIN-DIV,1,0.09010000000000003,books,0,True,LOW-MIDDLE
306,0.5,0.99,BIN-DIV,BIN-DIV,1,0.04419999999999999,books,1,True,MIDDLE-HIGH
306,0.01,0.5,BIN-DIV,BIN-DIV,1,0.044099999999999986,books,1,True,LOW-MIDDLE
306,0.01,0.99,BIN-DIV,BIN-DIV,1,0.00010000000000000018,books,1,True,LOW-HIGH
308,0.0,0.5,BIN-DIV,BIN-DIV,1,0.241,books,0,True,LOW-MIDDLE
308,0.25,0.5,BIN-DIV,BIN-DIV,1,0.29769999999999996,books,0,True,MIDDLE
308,0.0,0.25,BIN-DIV,BIN-DIV,1,0.058499999999999996,books,0,True,LOW-MIDDLE
308,0.1,0.75,BIN-DIV,BIN-DIV,1,0.05329999999999999,books,1,True,LOW-MIDDLE
308,0.75,0.9,BIN-DIV,BIN-DIV,1,0.05649999999999999,books,1,True,MIDDLE-HIGH
308,0.1,0.9,BIN-DIV,BIN-DIV,1,0.012999999999999994,books,1,True,LOW-HIGH
309,0.9,0.99,BIN-DIV,BIN-DIV,1,0.43610000000000004,books,0,True,HIGH
309,0.0,0.99,BIN-DIV,BIN-DIV,1,0.12409999999999999,books,0,True,LOW-HIGH
309,0.0,0.9,BIN-DIV,BIN-DIV,1,0.31520000000000004,books,0,True,LOW-HIGH
309,0.1,1.0,BIN-DIV,BIN-DIV,1,0.07850000000000001,books,1,True,LOW-HIGH
309,0.5,1.0,BIN-DIV,BIN-DIV,1,0.08650000000000002,books,1,True,MIDDLE-HIGH
309,0.1,0.5,BIN-DIV,BIN-DIV,1,0.008200000000000004,books,1,True,LOW-MIDDLE
311,0.5,0.75,CF-ILD,CF-ILD,1,0.5809,books,0,True,MIDDLE
311,0.1,0.5,CF-ILD,CF-ILD,0,0.2885,books,0,True,LOW-MIDDLE
311,0.1,0.75,CF-ILD,CF-ILD,0,0.4276,books,0,True,LOW-MIDDLE
313,0.0,0.01,CB-ILD,CF-ILD,1,0.0001,books,0,False,LOW
313,0.0,0.1,CB-ILD,CF-ILD,1,0.81,books,0,False,LOW
313,0.01,0.1,CB-ILD,CF-ILD,1,0.8101,books,0,False,LOW
313,0.25,0.75,CB-ILD,CF-ILD,1,0.09490000000000001,books,1,False,MIDDLE
313,0.25,0.5,CB-ILD,CF-ILD,1,0.2834,books,1,False,MIDDLE
313,0.5,0.75,CB-ILD,CF-ILD,0,0.2533,books,1,False,MIDDLE
311,0.0,1.0,CF-ILD,CF-ILD,1,0.9216,books,1,True,LOW-HIGH
311,0.0,0.9,CF-ILD,CF-ILD,1,0.9316,books,1,True,LOW-HIGH
311,0.9,1.0,CF-ILD,CF-ILD,0,0.009999999999999995,books,1,True,HIGH
315,0.0,1.0,BIN-DIV,CF-ILD,1,0.012199999999999997,books,0,False,LOW-HIGH
315,0.1,1.0,BIN-DIV,CF-ILD,1,0.1642,books,0,False,LOW-HIGH
315,0.0,0.1,BIN-DIV,CF-ILD,1,0.1522,books,0,False,LOW
314,0.01,0.75,BIN-DIV,CF-ILD,1,0.019600000000000003,books,0,False,LOW-MIDDLE
314,0.1,0.75,BIN-DIV,CF-ILD,1,0.14209999999999998,books,0,False,LOW-MIDDLE
314,0.01,0.1,BIN-DIV,CF-ILD,1,0.12249999999999998,books,0,False,LOW
314,0.0,0.5,BIN-DIV,CF-ILD,1,0.1105,books,1,False,LOW-MIDDLE
314,0.0,1.0,BIN-DIV,CF-ILD,1,0.05450000000000001,books,1,False,LOW-HIGH
314,0.5,1.0,BIN-DIV,CF-ILD,1,0.0592,books,1,False,MIDDLE-HIGH
315,0.01,0.25,BIN-DIV,CF-ILD,1,0.0576,books,1,False,LOW-MIDDLE
315,0.25,0.5,BIN-DIV,CF-ILD,1,0.27849999999999997,books,1,False,MIDDLE
315,0.01,0.5,BIN-DIV,CF-ILD,1,0.22089999999999999,books,1,False,LOW-MIDDLE
316,0.25,0.75,BIN-DIV,CF-ILD,1,0.10579999999999999,books,0,False,MIDDLE
316,0.0,0.25,BIN-DIV,CF-ILD,0,0.2833,books,0,False,LOW-MIDDLE
316,0.0,0.75,BIN-DIV,CF-ILD,1,0.2833,books,0,False,LOW-MIDDLE
317,0.01,0.5,CB-ILD,CF-ILD,0,0.3461,books,0,False,LOW-MIDDLE
317,0.5,1.0,CB-ILD,CF-ILD,1,0.3656,books,0,False,MIDDLE-HIGH
317,0.01,1.0,CB-ILD,CF-ILD,1,0.2117,books,0,False,LOW-HIGH
316,0.1,1.0,BIN-DIV,CF-ILD,1,0.14800000000000002,books,1,False,LOW-HIGH
316,0.01,0.1,BIN-DIV,CF-ILD,1,0.1445,books,1,False,LOW
316,0.01,1.0,BIN-DIV,CF-ILD,1,0.0037000000000000062,books,1,False,LOW-HIGH
317,0.0,0.99,CB-ILD,CF-ILD,1,0.4609999999999999,books,1,False,LOW-HIGH
317,0.0,0.9,CB-ILD,CF-ILD,1,0.09050000000000001,books,1,False,LOW-HIGH
317,0.9,0.99,CB-ILD,CF-ILD,0,0.5272999999999999,books,1,False,HIGH
318,0.01,0.75,CF-ILD,CF-ILD,1,0.027200000000000012,books,0,True,LOW-MIDDLE
318,0.0,0.01,CF-ILD,CF-ILD,0,0.2041,books,0,True,LOW
318,0.0,0.75,CF-ILD,CF-ILD,1,0.22810000000000002,books,0,True,LOW-MIDDLE
318,0.1,0.25,CF-ILD,CF-ILD,0,0.16249999999999998,books,1,True,LOW-MIDDLE
318,0.1,0.99,CF-ILD,CF-ILD,1,0.1289,books,1,True,LOW-HIGH
318,0.25,0.99,CF-ILD,CF-ILD,1,0.046400000000000004,books,1,True,MIDDLE-HIGH
322,0.5,0.9,BIN-DIV,CF-ILD,1,0.00010000000000000018,books,0,False,MIDDLE-HIGH
322,0.75,0.9,BIN-DIV,CF-ILD,1,0.5184,books,0,False,MIDDLE-HIGH
322,0.5,0.75,BIN-DIV,CF-ILD,0,0.5185,books,0,False,MIDDLE
322,0.0,0.25,BIN-DIV,CF-ILD,1,0.377,books,1,False,LOW-MIDDLE
322,0.0,1.0,BIN-DIV,CF-ILD,1,0.265,books,1,False,LOW-HIGH
322,0.25,1.0,BIN-DIV,CF-ILD,0,0.6322,books,1,False,MIDDLE-HIGH
320,0.1,1.0,CB-ILD,CF-ILD,1,0.010900000000000003,books,0,False,LOW-HIGH
320,0.25,1.0,CB-ILD,CF-ILD,1,0.04090000000000001,books,0,False,MIDDLE-HIGH
320,0.1,0.25,CB-ILD,CF-ILD,1,0.05000000000000001,books,0,False,LOW-MIDDLE
320,0.01,0.75,CB-ILD,CF-ILD,1,0.0641,books,1,False,LOW-MIDDLE
320,0.01,0.5,CB-ILD,CF-ILD,1,0.09160000000000003,books,1,False,LOW-MIDDLE
320,0.5,0.75,CB-ILD,CF-ILD,1,0.15250000000000002,books,1,False,MIDDLE
321,0.5,0.9,BIN-DIV,CF-ILD,1,0.26,books,0,False,MIDDLE-HIGH
321,0.9,0.99,BIN-DIV,CF-ILD,0,0.1864,books,0,False,HIGH
321,0.5,0.99,BIN-DIV,CF-ILD,1,0.4264,books,0,False,MIDDLE-HIGH
321,0.0,1.0,BIN-DIV,CF-ILD,1,0.25,books,1,False,LOW-HIGH
321,0.0,0.1,BIN-DIV,CF-ILD,0,0.26,books,1,False,LOW
321,0.1,1.0,BIN-DIV,CF-ILD,1,0.010000000000000002,books,1,False,LOW-HIGH
324,0.75,0.99,CF-ILD,CF-ILD,0,0.49039999999999995,books,0,True,MIDDLE-HIGH
324,0.99,1.0,CF-ILD,CF-ILD,0,1.4504,books,0,True,HIGH
324,0.75,1.0,CF-ILD,CF-ILD,0,0.9607999999999999,books,0,True,MIDDLE-HIGH
324,0.01,0.25,CF-ILD,CF-ILD,1,0.0016999999999999984,books,1,True,LOW-MIDDLE
324,0.25,0.9,CF-ILD,CF-ILD,1,0.041600000000000026,books,1,True,MIDDLE-HIGH
324,0.01,0.9,CF-ILD,CF-ILD,1,0.04010000000000003,books,1,True,LOW-HIGH
325,0.01,0.1,CB-ILD,CF-ILD,1,0.23049999999999998,books,0,False,LOW
325,0.1,0.5,CB-ILD,CF-ILD,0,0.2833,books,0,False,LOW-MIDDLE
325,0.01,0.5,CB-ILD,CF-ILD,1,0.05299999999999999,books,0,False,LOW-MIDDLE
325,0.9,0.99,CB-ILD,CF-ILD,1,0.16090000000000004,books,1,False,HIGH
325,0.25,0.9,CB-ILD,CF-ILD,1,0.20410000000000003,books,1,False,MIDDLE-HIGH
325,0.25,0.99,CB-ILD,CF-ILD,1,0.045,books,1,False,MIDDLE-HIGH
326,0.75,0.99,CF-ILD,CF-ILD,0,0.42259999999999986,books,0,True,MIDDLE-HIGH
326,0.25,0.99,CF-ILD,CF-ILD,1,0.4849999999999999,books,0,True,MIDDLE-HIGH
326,0.25,0.75,CF-ILD,CF-ILD,1,0.0626,books,0,True,MIDDLE
326,0.0,1.0,CF-ILD,CF-ILD,1,0.2106,books,1,True,LOW-HIGH
326,0.5,1.0,CF-ILD,CF-ILD,1,0.2106,books,1,True,MIDDLE-HIGH
326,0.0,0.5,CF-ILD,CF-ILD,0,0.405,books,1,True,LOW-MIDDLE
328,0.75,0.9,BIN-DIV,CF-ILD,1,0.7209,books,0,False,MIDDLE-HIGH
328,0.9,0.99,BIN-DIV,CF-ILD,1,0.2061,books,0,False,HIGH
328,0.75,0.99,BIN-DIV,CF-ILD,1,0.522,books,0,False,MIDDLE-HIGH
328,0.1,0.25,BIN-DIV,CF-ILD,0,0.7289000000000001,books,1,False,LOW-MIDDLE
328,0.01,0.25,BIN-DIV,CF-ILD,1,0.040400000000000005,books,1,False,LOW-MIDDLE
328,0.01,0.1,BIN-DIV,CF-ILD,1,0.6893,books,1,False,LOW
329,0.1,0.9,BIN-DIV,CF-ILD,1,0.15460000000000002,books,0,False,LOW-HIGH
329,0.1,1.0,BIN-DIV,CF-ILD,1,0.003400000000000002,books,0,False,LOW-HIGH
329,0.9,1.0,BIN-DIV,CF-ILD,1,0.15300000000000002,books,0,False,HIGH
329,0.25,0.99,BIN-DIV,CF-ILD,1,0.059600000000000014,books,1,False,MIDDLE-HIGH
329,0.01,0.99,BIN-DIV,CF-ILD,1,0.06369999999999999,books,1,False,LOW-HIGH
329,0.01,0.25,BIN-DIV,CF-ILD,1,0.08410000000000001,books,1,False,LOW-MIDDLE
331,0.0,0.99,CF-ILD,CF-ILD,0,1.0804,books,0,True,LOW-HIGH
331,0.0,0.75,CF-ILD,CF-ILD,1,0.3104,books,0,True,LOW-MIDDLE
331,0.75,0.99,CF-ILD,CF-ILD,0,0.8500000000000001,books,0,True,MIDDLE-HIGH
331,0.1,0.25,CF-ILD,CF-ILD,1,0.3869,books,1,True,LOW-MIDDLE
331,0.1,0.5,CF-ILD,CF-ILD,1,0.0061,books,1,True,LOW-MIDDLE
331,0.25,0.5,CF-ILD,CF-ILD,0,0.388,books,1,True,MIDDLE
332,0.0,0.99,CF-ILD,CF-ILD,1,0.2605,books,0,True,LOW-HIGH
332,0.99,1.0,CF-ILD,CF-ILD,1,0.36130000000000007,books,0,True,HIGH
332,0.0,1.0,CF-ILD,CF-ILD,1,0.269,books,0,True,LOW-HIGH
332,0.1,0.9,CF-ILD,CF-ILD,1,0.16360000000000002,books,1,True,LOW-HIGH
332,0.01,0.1,CF-ILD,CF-ILD,0,0.1261,books,1,True,LOW
332,0.01,0.9,CF-ILD,CF-ILD,1,0.28250000000000003,books,1,True,LOW-HIGH
334,0.01,0.99,BIN-DIV,CF-ILD,0,0.9603999999999999,books,0,False,LOW-HIGH
334,0.1,0.99,BIN-DIV,CF-ILD,0,0.9684999999999999,books,0,False,LOW-HIGH
334,0.01,0.1,BIN-DIV,CF-ILD,1,0.008100000000000001,books,0,False,LOW
333,0.75,0.9,BIN-DIV,CF-ILD,1,0.4769999999999999,books,0,False,MIDDLE-HIGH
333,0.5,0.9,BIN-DIV,CF-ILD,1,0.0009000000000000016,books,0,False,MIDDLE-HIGH
333,0.5,0.75,BIN-DIV,CF-ILD,0,0.4760999999999999,books,0,False,MIDDLE
334,0.0,0.9,BIN-DIV,CF-ILD,0,0.7348999999999999,books,1,False,LOW-HIGH
334,0.0,0.75,BIN-DIV,CF-ILD,0,0.8019999999999998,books,1,False,LOW-MIDDLE
334,0.75,0.9,BIN-DIV,CF-ILD,1,0.1921,books,1,False,MIDDLE-HIGH
333,0.01,0.1,BIN-DIV,CF-ILD,1,0.16250000000000003,books,1,False,LOW
333,0.01,0.25,BIN-DIV,CF-ILD,1,0.4649000000000001,books,1,False,LOW-MIDDLE
333,0.1,0.25,BIN-DIV,CF-ILD,1,0.6224000000000001,books,1,False,LOW-MIDDLE
335,0.01,1.0,CB-ILD,CB-ILD,1,0.24169999999999997,books,0,True,LOW-HIGH
335,0.75,1.0,CB-ILD,CB-ILD,1,0.46099999999999997,books,0,True,MIDDLE-HIGH
335,0.01,0.75,CB-ILD,CB-ILD,1,0.22249999999999998,books,0,True,LOW-MIDDLE
335,0.25,0.99,CB-ILD,CB-ILD,1,0.2704,books,1,True,MIDDLE-HIGH
335,0.25,0.5,CB-ILD,CB-ILD,1,0.0884,books,1,True,MIDDLE
335,0.5,0.99,CB-ILD,CB-ILD,1,0.2788,books,1,True,MIDDLE-HIGH
336,0.99,1.0,BIN-DIV,BIN-DIV,1,0.43249999999999994,books,0,True,HIGH
336,0.9,0.99,BIN-DIV,BIN-DIV,0,0.3484999999999999,books,0,True,HIGH
336,0.9,1.0,BIN-DIV,BIN-DIV,0,0.3578,books,0,True,HIGH
336,0.25,0.5,BIN-DIV,BIN-DIV,0,0.0317,books,1,True,MIDDLE
336,0.5,0.75,BIN-DIV,BIN-DIV,1,0.06799999999999999,books,1,True,MIDDLE
336,0.25,0.75,BIN-DIV,BIN-DIV,1,0.06049999999999999,books,1,True,MIDDLE
2,0.0,0.99,BIN-DIV,BIN-DIV,1,0.012999999999999994,movies,0,True,LOW-HIGH
2,0.25,0.99,BIN-DIV,BIN-DIV,1,0.0657,movies,0,True,MIDDLE-HIGH
2,0.0,0.25,BIN-DIV,BIN-DIV,1,0.0625,movies,0,True,LOW-MIDDLE
2,0.1,0.5,BIN-DIV,BIN-DIV,1,0.0373,movies,1,True,LOW-MIDDLE
2,0.01,0.1,BIN-DIV,BIN-DIV,1,0.0328,movies,1,True,LOW
2,0.01,0.5,BIN-DIV,BIN-DIV,1,0.005299999999999993,movies,1,True,LOW-MIDDLE
3,0.1,0.25,CB-ILD,CB-ILD,1,0.6281999999999999,movies,0,True,LOW-MIDDLE
3,0.01,0.1,CB-ILD,CB-ILD,1,0.15300000000000002,movies,0,True,LOW
3,0.01,0.25,CB-ILD,CB-ILD,1,0.4769999999999999,movies,0,True,LOW-MIDDLE
3,0.0,0.9,CB-ILD,CB-ILD,1,0.24170000000000003,movies,1,True,LOW-HIGH
3,0.9,0.99,CB-ILD,CB-ILD,1,0.24260000000000004,movies,1,True,HIGH
3,0.0,0.99,CB-ILD,CB-ILD,1,0.004100000000000005,movies,1,True,LOW-HIGH
4,0.0,0.1,CB-ILD,CB-ILD,1,0.47769999999999996,movies,0,True,LOW
4,0.1,0.9,CB-ILD,CB-ILD,0,0.485,movies,0,True,LOW-HIGH
4,0.0,0.9,CB-ILD,CB-ILD,1,0.26649999999999996,movies,0,True,LOW-HIGH
4,0.25,0.99,CB-ILD,CB-ILD,0,0.6089,movies,1,True,MIDDLE-HIGH
4,0.01,0.25,CB-ILD,CB-ILD,1,0.3904,movies,1,True,LOW-MIDDLE
4,0.01,0.99,CB-ILD,CB-ILD,0,0.6792999999999999,movies,1,True,LOW-HIGH
5,0.0,0.9,BIN-DIV,BIN-DIV,0,0.7922,movies,0,True,LOW-HIGH
5,0.0,0.75,BIN-DIV,BIN-DIV,1,0.18249999999999997,movies,0,True,LOW-MIDDLE
5,0.75,0.9,BIN-DIV,BIN-DIV,0,0.6385000000000001,movies,0,True,MIDDLE-HIGH
5,0.25,0.99,BIN-DIV,BIN-DIV,0,0.9173,movies,1,True,MIDDLE-HIGH
5,0.25,1.0,BIN-DIV,BIN-DIV,0,0.578,movies,1,True,MIDDLE-HIGH
5,0.99,1.0,BIN-DIV,BIN-DIV,1,0.7264999999999999,movies,1,True,HIGH
6,0.01,0.25,CB-ILD,CB-ILD,1,0.002500000000000002,movies,0,True,LOW-MIDDLE
6,0.01,1.0,CB-ILD,CB-ILD,1,0.146,movies,0,True,LOW-HIGH
6,0.25,1.0,CB-ILD,CB-ILD,1,0.1453,movies,0,True,MIDDLE-HIGH
6,0.5,0.75,CB-ILD,CB-ILD,0,0.2234,movies,1,True,MIDDLE
6,0.1,0.75,CB-ILD,CB-ILD,1,0.016900000000000005,movies,1,True,LOW-MIDDLE
6,0.1,0.5,CB-ILD,CB-ILD,1,0.23529999999999998,movies,1,True,LOW-MIDDLE
